age,gaming_hours,study_hours,sleep_hours,attendance,social_activity,device_usage,reaction_time_ms,addiction_score,Actual_Grades,Predicted_Grades
22,2.16,1.73,5.7,64.13,3.66,5.67,313.92,9.17,57.286971450516944,45.293236479644726
20,0.5,3.48,5.55,99.04,0.3,2.12,338.95,-0.61,76.02,74.41006143791961
19,4.39,1.4,8.41,83.2,0.63,9.15,257.46,13.59,42.68,47.452925895434575
22,7.17,1.51,4.74,77.9,4.12,10.23,245.87,14.06,17.31,17.474319070981274
20,1.93,8.1,4.78,91.6,4.97,5.19,295.44,7.66,106.77435870249268,91.06938437154767
17,3.14,4.3,4.36,63.88,3.83,6.92,296.24,8.25,45.69,51.095594244426806
17,3.46,1.95,4.7,87.34,2.79,8.22,288.78,11.2,40.86,42.797968476914264
17,4.44,9.66,5.0,82.22,1.29,5.68,248.71,7.66,83.99,85.90932071253835
23,0.17,7.96,5.16,81.23,1.76,3.54,310.31,0.75,92.69,97.94394507660871
20,0.72,8.44,8.37,99.83,3.32,3.08,304.94,5.17,100.0,115.62865399195502
18,2.87,1.9,4.74,97.16,2.03,6.49,279.79,9.76,54.65,48.71048951100831
20,7.11,1.64,5.64,75.89,2.34,9.01,224.8,14.3,17.31,21.74354810682343
24,0.13,3.07,5.95,91.41,2.02,4.92,318.34,5.65,67.25,73.41488349779368
16,5.7,2.59,4.88,93.88,3.75,11.05,262.27,11.76,47.45914603068748,37.22571642248043
16,4.52,2.52,5.53,89.96,1.65,8.57,252.65,8.8,48.22,44.61570207609
19,3.85,9.43,7.36,91.5,4.31,5.46,258.61,7.23,100.0,98.89734020072959
24,5.51,3.57,7.64,93.9,0.68,7.44,249.94,10.69,48.84,55.054879905290754
18,3.67,1.27,7.77,68.84,3.75,7.68,282.15,9.19,35.96,43.457625537779336
23,7.54,5.09,5.67,61.9,0.11,10.59,222.86,13.6,32.32,37.29583528753348
20,0.61,6.43,4.5,72.22,1.96,1.89,323.39,2.39,75.21,80.94484081557144
18,4.04,7.53,4.69,96.31,0.48,7.64,283.27,12.81,71.16,77.65403937227791
16,2.53,6.06,4.08,65.66,4.92,7.54,295.51,6.69,57.81,64.79094866799755
21,2.82,6.35,7.73,99.66,3.48,5.98,299.42,5.26,100.96750195116708,88.48656509817513
16,1.57,6.0,8.59,60.29,3.69,6.27,299.77,6.01,96.39,85.11875884483652
16,7.47,5.73,8.71,86.71,1.16,9.34,233.11,13.29,56.12,60.224831854920424
21,5.37,4.6,4.08,65.32,0.1,8.01,261.63,13.74,40.9,40.92354767974258
20,4.68,9.51,6.6,70.69,2.34,6.06,253.91,8.7,79.82,86.2887445684126
24,3.69,7.33,7.39,90.51,1.86,9.57,265.25,12.62,84.95,86.6495098307793
23,7.26,6.12,8.56,98.9,1.78,12.83,214.85,18.53,61.97,66.95550350159303
18,2.94,6.79,7.26,99.64,4.37,4.57,278.85,8.18,83.91,89.14877028231547
18,3.39,9.01,7.44,60.32,2.97,5.84,279.72,9.64,84.67,90.25302089713858
19,7.36,4.78,6.28,86.44,2.47,9.59,233.59,16.97,34.62,45.71688340279216
22,3.43,3.95,6.68,68.32,4.13,5.69,289.65,8.94,77.59284015163188,57.34567951048221
21,4.63,5.78,5.18,73.01,2.27,6.98,272.57,8.14,57.74,58.19632947511449
20,5.97,2.69,4.8,78.06,4.99,7.78,249.28,10.2,39.193113266029,31.4924222616847
24,4.68,7.85,6.37,97.05,2.49,6.89,249.95,10.56,75.84,82.56773174431333
19,7.31,2.48,8.99,68.04,2.54,12.81,253.49,18.3,22.01,36.27893855689945
19,2.57,1.96,4.04,89.8,4.41,5.56,302.67,6.91,48.25,45.526831968692655
20,1.61,4.13,7.55,95.75,0.31,2.98,314.91,5.02,94.8,79.5058616179576
21,3.53,9.9,4.87,98.86,0.85,7.61,278.29,9.8,88.4,96.55570927260368
20,0.39,4.81,7.67,86.21,4.61,1.89,314.59,6.54,83.77,87.98597544972137
24,2.87,3.73,7.81,83.25,0.94,7.96,289.35,11.05,71.82,67.79857738972319
22,6.45,2.58,7.57,96.07,4.58,10.21,242.33,16.25,43.14881980042756,44.11607420457032
18,7.05,2.22,7.65,95.95,3.16,8.86,228.37,13.9,42.77,38.95944215361628
19,7.24,7.75,7.43,74.68,3.38,12.64,247.78,18.98,63.25143196437893,65.94403857158913
21,2.69,5.62,4.52,79.71,2.84,5.68,289.46,4.42,65.56,66.85835637991005
16,7.28,7.27,8.61,94.72,4.52,12.98,234.02,21.78,74.12860887135716,73.07745122404205
18,0.48,8.14,7.19,91.56,0.84,3.67,322.77,0.69,100.0,108.03183644317463
22,3.28,2.1,4.37,69.79,2.17,8.81,276.61,12.93,31.68,38.59691428185489
23,1.53,4.01,4.01,77.96,3.31,4.93,292.52,7.44,62.38,60.74647624922143
22,2.02,1.81,4.05,89.29,4.97,3.08,292.66,6.87,55.47,47.52157745468005
21,5.1,6.24,7.85,62.96,0.31,10.1,261.95,11.14,68.14,65.98719824834339
23,1.77,7.25,5.1,78.82,1.53,7.36,299.85,7.56,93.47,84.2294340984385
21,7.44,2.7,6.25,71.33,1.79,8.68,230.14,19.25,15.84,27.941467716538675
22,2.4,3.53,5.39,76.16,4.37,4.66,292.08,5.13,61.07438669394042,57.45912158382454
22,6.55,1.99,5.47,97.03,4.56,8.99,243.02,15.23,22.17,32.200273762337204
19,6.36,7.65,7.38,61.84,2.15,10.14,239.77,14.01,63.46612121533737,66.12671576939123
24,7.98,6.06,8.84,98.41,4.96,11.94,217.28,18.25,55.98,63.334053746076016
23,3.51,4.64,8.72,65.72,2.76,6.41,283.28,9.84,62.97,68.34024149072052
17,1.42,6.45,7.01,98.72,4.24,6.0,298.57,6.56,104.44803790650823,93.84207853519644
18,7.25,1.5,5.24,90.45,4.93,12.75,221.68,17.86,14.77,22.7370526966155
18,0.46,1.59,7.14,65.97,1.84,4.64,307.55,1.39,62.62,59.35072575781747
19,5.28,4.62,6.29,97.78,3.57,8.66,265.21,9.9,55.92,58.64825667904396
24,5.82,1.82,7.58,72.64,2.14,7.39,225.14,12.47,29.5,36.164354627860014
17,5.53,5.49,7.01,71.94,0.51,8.34,259.78,12.96,54.1,58.54708909892995
17,7.98,8.28,4.03,99.83,1.4,13.13,222.33,19.14,63.916214223833,59.97114477806811
20,7.5,2.86,8.21,73.65,4.29,13.39,236.9,17.05,31.11,36.173254401082914
16,1.06,1.29,7.64,78.27,2.37,4.68,295.32,4.57,70.49,59.85171710119793
20,4.58,6.76,7.92,76.82,3.56,9.8,263.56,11.62,78.56,76.14779575021802
19,4.95,1.85,5.49,64.12,3.87,6.99,256.45,10.58,35.93,30.449200089223698
24,1.66,2.62,4.11,95.34,0.85,7.31,304.4,9.34,60.3,56.77317085492728
23,5.25,5.86,6.53,86.09,4.47,9.49,251.03,11.19,69.82,64.20675151035091
21,3.96,8.29,6.45,72.58,1.78,8.99,272.33,9.68,74.97,82.39275238148568
20,1.42,7.97,7.09,76.86,0.7,6.06,295.41,6.47,94.84,97.68377578023004
22,4.29,4.55,8.77,74.41,1.0,9.47,278.51,14.48,70.58,66.56524786522024
21,5.82,9.93,5.24,61.13,1.75,7.44,244.34,15.94,84.82341203973043,75.37751738037107
16,5.89,6.89,7.69,67.49,4.61,7.37,244.37,13.22,70.07,66.55290675061767
18,5.13,2.46,5.6,86.73,3.47,9.04,261.36,11.83,42.7,40.23612493116529
18,3.11,3.64,8.59,93.47,0.73,7.81,272.17,6.3,70.6,71.66514898752497
24,2.64,2.92,7.52,79.83,2.23,7.8,284.91,7.61,57.18,61.593013186303324
20,7.04,9.79,7.16,79.94,0.84,12.76,240.26,14.57,72.4343111181051,80.30721041709575
24,7.89,5.48,4.4,83.94,1.51,11.68,223.78,20.46,40.11691373894256,39.67826030213244
24,1.26,2.73,4.89,76.23,3.6,4.76,287.77,1.64,60.07,56.588761034254404
21,0.54,2.58,7.56,68.2,0.88,4.94,290.77,6.05,72.96,67.7860801920699
23,6.6,3.68,8.6,66.92,4.93,11.72,248.28,12.77,49.84,45.41888295078879
19,0.93,6.55,8.54,60.72,2.45,2.24,300.49,2.49,95.85,91.95393056099002
24,6.34,1.67,7.22,77.49,2.65,10.96,235.28,10.86,28.32,32.119534748826226
19,4.56,6.1,4.68,96.96,0.83,6.07,266.56,10.94,66.33,65.93986869264491
19,4.02,2.94,8.36,84.22,0.76,6.17,260.44,6.05,50.43,58.86741040189415
24,2.33,6.41,8.08,87.31,4.11,6.41,286.16,7.29,91.48,89.41908761832536
20,2.83,2.2,8.01,72.63,3.15,3.99,288.76,9.06,60.91,55.97164975996298
17,4.86,6.34,7.75,91.75,3.55,8.98,252.02,12.42,85.92092926496484,75.78859913986562
21,3.43,5.85,4.02,69.68,2.32,5.97,293.84,9.68,64.68,59.864996868231444
21,0.27,3.79,7.22,77.48,3.51,3.34,335.49,2.46,72.11,77.66099782624502
19,6.03,4.56,8.24,62.74,4.74,9.34,235.98,11.73,46.64,51.65274211550096
17,7.09,3.79,5.59,70.81,3.84,10.41,241.58,13.18,44.96475423600024,33.48914713336595
23,5.44,6.75,4.55,63.36,1.31,8.61,265.56,11.61,49.92,55.02059959933155
23,3.28,1.19,6.8,70.05,4.2,5.62,273.66,8.19,42.49,41.73202465316501
24,2.46,6.94,7.5,71.36,2.57,6.13,289.65,8.57,85.77,85.48043717323927
18,3.85,6.96,5.05,61.42,0.41,6.85,256.48,12.04,73.53,66.57683983694054
17,2.5,1.44,6.32,83.31,0.54,3.71,294.46,5.64,67.02117237709824,49.65729448085865
22,1.26,4.28,7.93,96.28,2.05,6.15,302.52,3.56,90.27,83.66873219303588
20,2.2,4.59,8.04,89.31,0.2,4.14,296.4,8.2,78.37,79.46632306740804
23,5.52,7.0,5.92,79.63,4.48,7.94,258.9,10.75,59.43,65.75651000456958
23,0.9,4.47,5.66,90.08,2.01,6.63,296.84,1.66,71.36,76.39928105549421
18,7.0,4.24,4.16,65.29,4.02,12.9,233.21,19.03,24.1,30.173993091849606
20,5.02,8.53,8.62,65.33,1.48,11.02,248.49,12.31,93.60329764135054,84.4847070702289
24,0.42,7.6,8.44,62.41,1.84,6.0,326.89,5.31,97.85,101.36288246061278
24,6.95,9.3,8.35,80.02,1.48,12.3,243.56,14.3,88.73077871780677,82.0938667802921
19,4.57,1.49,7.63,60.97,4.94,6.29,265.03,10.29,32.39,37.275509750450645
17,6.28,7.41,8.96,95.18,1.37,11.2,233.45,13.36,89.11573720651262,80.58068907534215
21,3.24,1.7,7.27,61.22,4.49,5.92,266.31,4.98,37.51,44.231470230234684
23,2.17,9.2,4.54,61.14,1.15,3.53,294.17,4.52,83.85,87.15721063854284
22,6.54,3.24,5.14,69.78,4.45,12.47,238.7,16.49,27.61,31.090214244647047
23,0.01,4.52,7.5,92.16,1.07,5.7,331.89,4.3,96.2,89.1479756375465
17,6.82,6.92,8.26,76.19,0.12,11.46,244.74,16.17,74.58232379788947,66.6752134298074
23,2.77,3.2,4.73,97.78,4.49,7.68,294.69,9.52,64.21,57.22898592939126
24,7.54,5.22,4.43,79.37,0.47,12.86,223.78,18.57,34.8,38.662766653481455
18,3.15,4.68,6.95,82.44,3.85,8.88,288.26,11.25,73.86,68.65526377115418
17,0.77,7.0,5.4,83.7,1.65,5.88,327.95,9.08,95.74,90.67588472813395
18,1.54,7.04,7.46,83.24,4.3,4.24,293.22,7.78,99.13,94.31130277095536
22,6.93,8.19,4.43,65.23,1.91,12.09,216.63,15.49,69.29297260492706,56.446849261471286
22,1.12,3.93,4.66,63.24,0.51,2.98,304.96,5.31,59.94,60.76464644707486
18,5.92,5.08,7.83,95.22,2.75,9.98,236.55,11.61,56.92,63.41399621252539
21,4.85,2.5,8.97,69.49,2.08,9.15,265.05,10.72,52.54,49.713498872627554
22,7.64,2.46,8.54,80.49,4.73,11.5,224.05,14.21,29.72,35.98322622360956
22,7.52,9.34,7.5,63.0,4.13,13.2,245.28,14.02,76.34027309102665,70.9537610561274
16,5.05,1.63,7.53,61.98,0.27,7.94,263.08,10.37,40.27,35.78259238356967
24,7.36,8.39,6.61,94.4,3.93,10.6,214.09,17.34,78.74556737573,71.93721266769714
19,6.2,3.59,5.33,81.16,2.02,10.51,254.55,12.94,32.07,39.075653728588236
23,2.02,6.36,7.73,80.85,4.09,6.23,291.4,7.55,91.08,87.63115595349981
24,3.63,3.66,5.5,67.89,1.65,7.85,273.58,12.86,54.36,50.286932080835214
17,2.52,5.42,5.92,90.92,3.8,6.12,274.35,6.6,62.25,75.18645279409273
24,3.82,5.86,7.54,69.98,2.08,5.81,275.37,8.32,70.15,71.12794935973744
19,6.68,6.06,5.74,81.69,4.13,10.42,257.28,10.77,51.78,53.43221012639357
22,7.38,7.56,6.37,73.93,2.32,11.22,220.61,17.29,65.62476641383658,59.905109365469684
17,7.46,3.8,4.72,64.49,1.31,11.3,246.29,19.75,27.84336164038511,26.997465617035793
17,5.52,5.66,4.83,64.74,3.76,9.66,254.43,11.91,49.76,49.10721956555781
20,7.91,4.82,6.89,60.19,1.43,12.7,218.71,20.46,19.05,38.014777643634325
17,2.17,5.73,4.8,64.46,1.98,5.2,295.17,9.88,72.74,67.50491099448124
21,0.84,6.52,5.05,80.18,1.95,6.29,326.51,1.24,76.21,84.37112293608803
17,4.86,4.18,7.59,95.7,4.15,7.0,252.15,10.03,56.39,62.56678665941163
24,0.61,3.94,6.43,88.66,3.57,3.06,306.87,3.81,75.72,77.19896536196788
22,3.34,9.45,8.66,99.48,1.04,9.28,283.7,8.5,100.0,108.99388493850935
21,6.95,6.15,5.15,68.7,0.22,8.23,225.42,17.14,41.43,47.484820819577635
20,4.13,4.17,8.58,94.09,3.28,9.35,253.63,12.82,60.77,69.86181905832856
16,4.98,9.03,4.37,91.43,1.22,6.18,270.83,8.17,72.35,79.18111461232297
21,4.33,6.31,5.69,68.19,2.89,9.27,272.32,12.63,70.59,63.88133102667334
24,6.54,7.01,6.92,95.24,1.63,12.22,263.9,16.68,78.97059626672973,68.9047652530706
19,6.24,7.72,6.95,75.88,0.58,11.29,263.15,14.89,80.03428674659627,69.63013661523044
21,2.46,2.77,7.47,94.65,4.41,6.41,294.99,13.23,69.09,65.91596073596065
24,5.61,6.08,5.58,79.34,1.52,10.05,236.32,12.72,50.4,58.48086503954137
21,4.78,4.05,8.21,70.11,2.35,9.96,252.86,9.79,55.96,57.14943589731366
20,1.97,8.5,7.97,82.31,4.17,3.83,296.89,6.1,100.0,102.69850190558748
19,6.62,6.74,4.18,72.05,2.74,10.02,242.19,13.27,38.83,49.76793126118699
22,2.82,3.05,5.66,78.8,1.4,8.31,280.87,11.49,51.71,54.47759437284332
18,6.84,3.48,8.26,72.51,3.3,12.76,224.65,14.68,43.67,43.563427165641826
18,6.18,2.3,7.42,90.99,2.85,10.35,251.78,15.33,40.65,41.85362375377075
23,0.13,1.54,8.36,67.3,1.01,2.74,312.79,-1.62,55.41,65.63913548703016
21,4.2,9.72,7.93,95.11,4.73,9.15,253.9,14.79,108.06139606676896,102.33878864472331
23,0.05,5.13,7.32,77.26,4.69,5.19,323.57,4.85,73.09,87.67427515471854
17,6.27,2.6,5.57,74.3,3.92,9.56,234.42,17.41,32.07,31.704502277235548
16,0.88,5.95,7.88,68.2,4.93,2.04,312.81,4.57,92.02,88.0390920524423
18,0.75,5.76,5.3,68.55,4.2,6.23,311.71,7.34,71.9,78.02674714433493
22,5.7,3.69,7.24,68.04,1.18,9.74,251.06,9.93,36.88,45.725804156761185
19,5.02,5.5,7.23,74.7,4.36,7.0,250.28,12.06,60.39,62.749193140669576
17,3.24,1.4,7.84,62.56,1.45,7.92,291.27,12.73,45.62,45.42263634819415
22,6.25,7.09,5.72,67.16,2.94,10.72,252.75,14.79,74.07932259319644,58.34820480052915
22,0.76,2.32,7.26,60.85,3.01,4.93,315.85,6.32,60.71,61.43707145793837
20,6.36,5.18,7.1,74.89,1.23,10.69,242.9,15.73,54.11,53.36784242829173
24,1.15,8.42,6.12,75.56,4.17,4.65,295.16,8.91,100.0,97.88356126095283
23,0.89,9.47,6.09,89.28,3.87,3.22,306.98,0.93,100.0,109.24130438435648
20,2.32,3.74,6.47,72.75,2.86,8.06,282.36,11.5,60.14,62.7845222088218
24,0.83,3.5,8.01,66.71,4.61,2.54,307.58,0.06,69.56,72.58036942003648
20,2.42,6.2,6.06,95.03,4.72,5.72,300.54,10.97,75.09,82.40335899247634
20,4.79,7.68,4.66,85.43,4.68,10.38,277.66,16.57,68.88,71.1562677277677
20,6.3,5.92,7.13,70.28,0.74,7.33,241.43,13.99,50.89,57.18761548263293
19,6.37,9.0,8.4,99.42,0.32,11.2,237.97,17.7,99.49641369548678,89.52668836831126
23,5.09,8.74,6.75,82.55,2.48,8.9,257.88,11.95,94.50081149330975,83.21710303603444
19,2.88,5.36,6.83,78.35,1.68,7.44,297.63,6.37,85.80535502791653,72.61134382198699
18,3.68,3.23,6.27,99.53,0.75,8.66,268.08,13.49,57.13,59.44206631698505
18,3.95,1.25,8.77,95.38,3.12,9.24,284.97,6.72,59.04,52.994580887610645
16,4.35,5.65,6.56,75.55,3.74,5.95,271.28,10.19,64.79,64.94404232050786
17,0.73,6.54,4.62,96.1,4.82,6.21,301.56,3.66,87.73,88.17928257745425
22,6.43,5.58,8.11,62.64,0.78,12.41,253.77,16.04,53.9,55.71242396568795
19,5.17,2.82,5.68,70.15,4.51,9.59,251.14,15.63,34.49,38.03505917221459
23,4.06,8.42,5.35,97.43,4.72,5.42,268.54,8.67,80.12,85.49089390983193
20,5.49,6.32,6.79,90.1,2.39,9.76,245.81,15.21,59.74,68.38312507346683
18,3.12,8.78,5.65,92.68,1.65,8.33,264.77,9.26,96.77,92.88426386753792
16,7.9,8.11,7.79,70.02,0.36,10.29,218.8,19.71,59.14525840213293,65.16099547872466
20,5.76,8.56,7.16,93.31,2.55,10.59,243.69,14.54,77.12801939720653,83.27918114565955
23,0.67,6.68,5.1,60.19,0.17,2.26,306.05,-0.63,79.12,80.98311507533779
18,6.84,5.95,7.87,95.67,3.5,9.36,242.64,19.44,50.74,64.60403400374224
19,3.46,7.91,7.41,97.86,0.77,4.58,279.27,5.63,96.55,93.50705326389979
21,5.74,9.63,7.38,64.11,4.4,10.56,245.91,9.82,93.10530198866468,82.14257398466532
21,4.66,8.16,4.45,69.2,2.24,7.11,268.06,9.09,74.77,69.28488126130544
21,0.69,6.85,6.03,94.57,1.59,5.03,309.08,6.72,97.78,95.58491188240441
24,6.31,3.62,5.26,98.85,0.88,9.44,255.62,16.4,41.05,43.7407034504274
19,5.54,5.13,5.33,98.86,4.43,8.42,257.34,9.78,59.56,57.13026668187135
21,5.98,7.7,5.18,91.79,1.38,11.3,243.3,14.95,80.22477488485194,68.85386677296498
19,4.75,2.94,8.64,82.66,0.38,7.79,275.99,11.65,53.32,55.74856606092881
21,5.59,5.67,5.68,80.29,3.17,6.9,263.49,12.16,53.69,56.488392574504594
19,0.45,5.05,4.97,70.82,2.53,2.62,322.69,2.56,65.96,74.44531928822707
20,3.12,9.62,4.68,78.25,2.03,6.8,273.16,8.5,84.75,90.30212037477409
19,6.67,2.51,8.59,69.78,3.29,10.89,231.57,16.08,46.13,38.93100822397972
20,4.4,6.21,4.71,67.98,2.6,7.72,278.24,8.83,65.18,58.92984249483894
17,7.45,7.45,5.24,63.16,3.78,10.6,225.85,18.62,56.44658809894175,51.52766401796096
18,4.51,9.36,5.98,75.56,3.17,6.92,265.0,8.17,87.97,85.17725277761488
21,6.54,9.62,5.75,70.53,0.59,12.35,245.74,16.28,68.13086689364418,74.05668342141789
17,3.91,6.05,8.77,81.22,2.29,8.96,271.47,11.51,79.51,79.87541573333627
17,0.45,7.25,6.48,92.58,4.44,3.03,324.79,1.53,97.30683781817638,100.02985408973791
19,6.3,7.1,6.78,61.7,3.9,8.42,241.99,12.11,80.25833790116695,60.48776494705121
23,6.08,1.19,4.89,95.89,2.54,11.62,237.58,15.65,28.57,27.310466781704505
19,6.24,3.87,7.56,83.73,0.61,8.31,225.32,14.77,42.46,50.18710832977247
20,0.47,3.87,4.59,69.32,4.73,3.73,324.33,2.46,60.64,64.82340056263479
22,4.92,9.1,4.84,83.49,2.22,7.83,264.5,10.96,77.56,79.46305057329135
18,3.27,3.9,6.86,71.51,3.8,5.98,278.96,8.41,59.06,59.576877794496674
24,5.96,5.23,6.26,79.14,4.79,8.3,244.56,12.46,44.61,53.48203905222153
16,7.51,7.03,4.97,87.19,4.32,10.08,230.17,18.1,55.61577247306304,54.35650494763983
24,3.55,3.97,7.31,69.45,0.71,8.33,280.43,10.72,63.97,59.807363729800926
19,0.46,7.46,7.71,97.71,4.87,2.0,303.5,-3.01,100.0,107.19918607432481
20,0.41,8.39,4.05,92.1,0.39,2.48,324.99,0.98,95.48,98.38729337599861
20,0.73,8.78,5.48,70.8,4.29,2.79,295.85,0.2,90.73,98.20578083755441
17,5.0,9.3,8.18,65.68,2.94,10.72,266.57,10.66,82.77,87.63359056214443
21,7.04,3.59,5.1,62.0,0.78,10.79,228.47,18.18,16.77,28.677835176471763
22,3.16,3.32,5.52,78.57,2.18,4.4,280.16,11.11,47.15,53.78364984726405
22,4.18,6.96,5.8,64.31,3.05,6.86,266.4,11.23,74.38,68.09296763034045
23,4.05,8.26,8.46,64.26,4.27,9.57,251.94,10.72,85.46,86.85062022216596
23,4.08,9.64,8.57,82.88,0.48,9.07,279.71,8.71,100.0,101.13748982554489
23,2.65,3.41,7.43,77.07,0.15,8.2,278.78,10.01,69.57,63.82889591220385
24,5.45,7.45,6.03,98.34,1.1,9.75,260.29,13.7,82.2905747090448,75.09715058043335
21,1.67,4.7,6.46,90.04,4.11,5.6,301.33,5.34,79.21,76.77438505978748
22,5.24,1.62,4.31,95.16,0.29,7.44,252.49,10.45,36.53,32.089874861294945
20,0.89,6.56,8.74,99.68,3.57,6.46,278.98,6.31,97.48,104.28906242614761
21,5.4,3.51,8.44,83.86,2.58,9.64,251.33,15.3,62.26,55.528033176414695
21,1.52,5.06,5.54,94.95,4.41,6.9,293.39,6.46,87.98642754838725,77.86095697531363
21,1.04,10.0,8.71,93.11,1.81,6.44,309.56,2.64,100.0,122.87785372814179
23,3.16,3.08,4.09,79.33,0.45,6.14,263.14,7.2,52.13,47.00785906826031
21,6.99,8.9,4.24,89.51,0.42,12.55,230.4,18.16,75.8719012047443,67.0358042501659
19,4.12,2.68,4.49,87.17,3.89,6.32,244.14,9.38,48.9,43.05397129529625
16,1.78,1.09,5.35,67.14,0.38,6.58,289.19,4.09,53.99,42.95240072678499
17,4.96,6.31,6.36,94.17,2.61,7.43,281.4,11.62,75.7,70.42490364868304
20,3.74,5.66,6.5,94.61,1.94,7.9,274.47,10.59,75.08,73.58955914736137
16,6.28,9.49,7.73,79.26,1.01,10.06,236.14,12.62,91.04442135840722,84.51834117508989
20,4.79,8.8,7.26,61.3,4.27,6.58,269.45,13.32,75.13,81.0651764573806
21,3.56,7.28,7.6,74.48,0.72,6.58,273.79,6.19,86.53,82.9895072984541
22,7.0,8.35,5.02,87.37,3.81,12.26,225.06,21.79,65.875028082106,65.85579139974115
23,5.63,7.3,6.3,90.44,5.0,10.61,249.03,14.95,92.21948512373164,71.77760679862493
19,0.86,5.16,6.89,81.49,4.21,2.07,315.02,-0.23,81.38,82.9480945847387
19,4.17,1.27,7.58,74.33,2.72,5.56,277.91,9.18,46.9,41.74251494110749
19,1.25,6.95,4.85,67.63,2.58,4.33,310.01,2.44,88.17,80.70857565941168
23,2.72,5.42,6.43,90.01,1.55,8.01,289.41,7.75,68.72,75.77456950813323
23,4.6,2.52,5.62,62.31,0.03,8.34,269.19,17.61,50.52,37.10720488184941
18,1.82,5.99,7.02,71.71,3.43,4.03,323.78,4.62,88.91,80.9087108521604
23,6.19,5.13,6.61,83.27,3.57,9.19,242.04,10.71,48.92,54.0698040809325
20,4.09,2.99,6.34,60.32,0.11,9.79,278.0,9.62,48.54,44.41105649172375
23,7.67,6.55,5.45,92.02,3.8,13.26,204.08,20.3,46.54,53.78539361853915
24,0.91,6.47,4.54,94.84,3.96,5.62,308.18,1.16,83.48,85.89756661418684
16,3.19,8.59,6.68,62.13,2.15,7.8,276.35,7.32,92.06,86.2438754638759
19,7.21,9.77,5.02,65.97,1.01,9.75,222.38,18.72,71.56208026615123,67.66036926260443
23,6.16,5.31,5.38,99.53,4.57,7.3,237.48,10.85,59.58,55.424268459454545
17,4.77,8.29,4.05,86.8,3.2,7.72,259.61,11.84,68.4,73.22627996276711
18,5.36,2.81,4.59,63.14,4.18,10.26,255.32,12.52,36.43,30.62287488399884
24,0.68,1.15,6.64,77.67,1.74,2.38,316.92,-0.34,57.24,56.69734979128124
16,6.23,4.31,6.63,87.89,2.22,8.12,226.53,16.05,46.53,50.71429380057484
17,6.27,4.31,8.43,96.84,1.36,11.09,243.77,16.85,57.58,59.74342091497783
23,0.55,5.7,4.15,92.72,4.57,5.11,324.1,2.32,80.72090616811691,80.90146253354123
17,7.57,8.52,4.55,74.4,0.63,11.52,246.23,17.98,57.63146764567644,58.28578435637205
18,6.11,9.13,6.08,81.38,2.1,10.48,226.04,16.35,89.86994366733958,77.75702058016626
24,2.32,9.64,4.26,78.22,4.66,3.94,281.1,8.09,92.73,92.98560238411184
22,6.46,4.26,5.96,79.12,4.69,9.52,242.02,15.89,32.01,43.73534462840704
23,2.79,6.29,4.12,62.41,2.47,4.98,290.01,6.59,61.26,64.23688795413094
23,4.55,5.3,5.75,80.19,2.11,10.1,281.15,12.66,60.56847967325452,59.938947598240084
24,5.13,6.44,7.85,67.22,3.11,9.24,265.82,13.2,67.9,68.21300766387196
21,2.59,1.16,7.25,78.21,2.14,5.12,302.09,3.81,49.88,49.07823355724417
23,6.82,4.9,8.96,97.36,1.32,8.14,224.93,12.37,51.28,62.45215052190529
17,4.89,9.02,5.77,69.47,4.77,6.03,256.84,12.75,65.83,78.69469167679583
16,1.87,7.01,4.76,95.82,1.89,7.53,272.71,7.34,84.62,85.94817504547521
19,4.14,8.58,7.99,95.43,4.64,8.9,275.76,8.51,109.35113458757286,95.3135167189429
18,2.94,6.71,6.46,60.07,0.89,5.72,279.12,7.82,73.88,74.48005985810448
16,3.43,1.49,4.93,75.47,2.13,7.11,279.37,7.87,34.02,37.45547029303943
22,0.66,9.75,7.88,70.26,2.93,5.28,287.18,5.43,100.0,113.94760926935973
21,3.53,2.56,8.02,73.28,3.19,6.32,293.52,7.99,55.83,54.47364511944201
22,1.65,2.03,5.3,98.89,2.94,3.47,304.55,2.64,61.01,58.16902980898298
20,5.07,1.76,7.21,83.36,3.84,10.26,262.18,11.34,47.17,41.11552888424434
17,1.89,6.62,6.08,76.61,3.45,3.16,292.4,3.39,82.08,82.49744025282993
18,7.8,4.7,6.17,64.73,3.53,12.18,212.99,18.83,26.67,36.27057660678649
19,0.59,2.34,8.87,95.08,0.95,6.01,320.4,2.99,72.91,78.25833613174501
22,3.95,3.42,7.6,83.78,2.17,5.85,269.14,7.1,63.12,59.187613400004075
21,6.01,8.16,6.29,83.84,1.06,8.94,240.89,12.55,84.85605763016744,73.44275575470658
24,6.47,8.05,7.3,74.51,3.94,10.32,261.47,11.94,78.75242822015647,70.94146073056966
24,7.39,3.77,5.1,68.95,1.73,12.36,251.75,17.34,30.2,29.569300819851797
18,6.8,8.65,6.47,97.99,0.69,12.64,212.6,16.88,77.87417087604358,77.33762549033818
19,4.42,1.19,4.59,70.49,3.16,10.13,265.63,13.86,32.88,27.72513017531338
23,1.26,1.19,7.66,90.87,0.17,6.14,310.62,7.8,70.46,61.967284039405854
20,2.29,8.59,8.98,67.69,2.75,3.44,294.09,4.33,92.95,101.14622916625714
22,6.55,5.03,5.93,68.28,0.24,11.01,249.76,15.71,42.68,45.091260056884224
22,1.95,5.54,8.79,60.1,0.07,5.97,278.02,4.67,79.02,81.0710357167265
21,6.5,1.83,6.55,96.96,2.26,9.84,228.74,13.37,45.5,35.60879566670239
17,2.51,5.23,6.54,63.02,3.6,4.76,299.51,2.44,71.25,68.03515347016554
23,5.5,8.34,8.99,89.91,4.97,9.56,262.2,15.36,97.52475354238749,88.99604417843454
16,0.64,8.86,4.49,62.9,3.93,4.2,319.21,3.22,92.51,93.30764234814552
17,0.86,2.0,4.99,85.73,1.45,6.47,308.2,5.63,51.13,57.58358323242059
19,4.76,2.22,4.39,62.28,4.41,8.24,256.11,11.18,30.08,29.11619926575792
21,4.58,6.49,7.47,68.82,3.57,8.94,267.66,10.07,55.93,70.35438622018562
17,4.25,4.27,8.17,83.32,4.84,8.6,273.32,10.1,71.58,64.88102536392456
18,2.47,9.24,4.14,89.51,3.23,4.85,281.55,6.21,84.51,92.44928149196184
22,3.47,6.53,7.32,72.11,1.15,7.23,277.16,8.05,78.09,77.05741807861378
16,0.55,5.74,5.47,89.79,2.46,6.39,313.04,6.55,84.89,85.7962107221424
24,6.34,8.95,5.76,71.84,1.49,10.85,227.49,14.97,73.05305241888387,71.29843873798998
19,4.05,9.71,7.26,85.27,2.65,9.33,268.55,12.04,100.0,97.66099736356983
21,5.08,1.74,5.0,85.44,3.59,7.37,260.58,13.99,35.63,33.49357313847263
17,5.14,2.62,8.68,91.69,3.46,7.08,263.08,11.03,52.27,54.20706992666821
18,1.84,6.82,4.74,61.14,2.74,5.0,298.13,7.75,78.25,74.78662000646182
22,3.05,7.08,8.45,67.63,2.2,8.48,285.97,6.56,76.93,85.52262513585393
20,5.92,8.89,6.47,67.37,0.13,8.4,255.23,13.54,72.09936997169508,74.57182513212072
17,4.54,6.08,4.35,64.14,0.34,10.49,277.49,13.9,43.57,55.32749174014497
23,3.21,4.49,7.27,97.52,4.06,8.29,264.44,9.93,75.84,72.64508524487778
17,7.83,5.47,6.47,60.54,1.99,10.94,226.65,17.86,39.66026183552589,40.91120794035598
24,2.4,7.05,4.98,61.4,3.31,6.18,297.65,5.65,76.66,73.88764623335138
20,5.97,4.15,4.37,69.12,3.7,9.34,244.58,16.15,39.57,36.96525779499228
23,4.91,2.54,8.79,70.7,4.9,8.44,272.68,10.53,65.23911967044475,49.05809971294408
18,1.12,2.4,4.0,65.72,3.82,6.37,314.36,7.31,63.85,49.13433529659565
22,0.68,1.24,5.94,76.47,2.87,4.11,292.09,0.44,68.17,54.36355372772663
24,0.7,1.59,8.82,87.58,0.43,4.2,298.89,1.7,69.25,70.6622710643786
22,2.84,5.41,7.36,99.45,0.35,8.6,291.0,6.87,81.16,81.27235938705306
19,3.08,4.97,5.41,68.62,3.11,4.38,277.29,8.63,74.01,61.18582225231004
24,3.95,2.24,5.05,96.76,3.79,8.14,254.14,12.21,41.84,46.07749502560442
21,1.69,7.06,6.54,79.2,1.36,3.76,290.95,3.95,94.12,88.95603105570041
24,5.85,3.57,8.22,92.55,1.5,11.22,245.99,14.84,59.50492101732094,55.10977647310479
22,7.24,3.72,8.43,73.86,4.48,10.01,230.61,17.12,40.59,44.00552510174774
19,4.73,2.93,6.86,96.03,2.16,10.34,265.75,13.81,68.74660069135095,52.921508235308764
24,3.42,2.34,5.48,85.57,4.18,8.71,276.13,10.42,41.62,47.72597280538624
21,1.32,1.12,5.91,94.03,2.67,4.36,293.98,5.52,59.22,55.3731230122907
17,0.33,4.09,5.96,98.57,3.85,1.85,314.68,0.68,75.56,80.59866336623281
20,5.15,2.81,8.67,87.31,0.64,9.11,258.59,11.51,61.08,54.2109812615666
23,0.63,9.46,7.49,61.71,0.06,4.17,331.13,1.61,100.0,108.10711324872878
21,1.32,8.99,6.56,96.45,3.01,3.6,322.23,4.99,100.0,107.94373288833836
22,1.72,1.88,6.75,86.32,4.55,2.8,302.94,3.67,59.51,58.676686419035434
24,6.23,5.89,6.67,85.26,0.96,10.89,250.06,14.24,54.46,59.73842594362086
17,1.82,2.94,7.63,65.51,2.32,7.24,280.96,6.81,63.48,62.55665388145991
16,0.1,1.55,6.8,69.54,4.49,2.34,318.18,0.27,52.09,60.58413833259886
20,3.29,2.08,4.51,97.75,0.59,8.02,282.48,8.66,39.35,46.80764028667077
23,6.77,6.04,4.22,65.75,4.1,10.51,259.39,16.29,41.72,42.82644251694154
18,0.99,6.0,6.51,69.74,2.13,3.59,317.11,1.68,81.16,82.96043574941504
22,5.16,2.69,8.97,61.05,1.77,6.27,262.7,9.93,41.03,46.867440261366305
24,1.38,1.93,7.95,89.46,0.92,4.05,293.23,2.96,71.52765816975264,66.45273919648061
23,2.32,9.0,7.15,83.83,2.49,3.92,286.82,6.01,96.36,101.4253831505855
16,1.21,9.37,4.15,80.09,2.46,3.16,304.24,4.14,98.14,97.3412508748543
24,3.19,3.13,7.29,61.52,2.93,6.19,270.89,5.43,47.39,53.7499552404498
16,4.73,9.24,4.56,71.92,1.92,8.56,275.67,15.75,77.92,77.32518392826697
20,6.9,2.75,6.63,60.61,3.66,8.02,222.6,13.53,24.13,29.131798037148688
24,3.59,7.44,6.69,87.19,3.75,8.04,281.92,8.45,83.68,83.86367472243973
21,2.33,9.53,4.46,93.27,1.29,7.47,290.57,6.1,88.36,97.28321535999288
23,2.67,6.62,8.08,78.84,4.59,7.6,293.81,7.57,87.02,86.38305441780548
24,5.27,3.6,8.08,87.23,2.56,9.69,257.75,15.03,62.3117063816112,56.32790813442548
19,4.85,2.69,5.54,82.09,1.91,8.86,244.19,11.49,36.86,41.82911151590112
21,0.5,6.88,4.02,83.6,3.51,5.57,307.66,2.52,81.68,85.69589000977453
19,1.38,1.0,7.41,74.84,3.12,6.63,309.75,3.82,62.26,54.15987225103081
16,4.12,5.92,7.95,75.43,2.82,7.11,262.02,9.39,68.04,73.11817966015596
22,0.37,3.05,5.51,66.41,3.26,5.04,299.53,0.79,65.43392476463347,62.88954252214953
17,0.75,7.4,6.44,60.83,1.11,3.69,320.77,2.55,85.83,90.39282641183215
24,0.85,7.72,5.09,61.35,4.58,6.55,298.92,6.3,82.0,86.8839073649695
18,4.71,4.83,6.38,79.21,1.4,10.06,264.34,12.93,57.14,58.41000745351001
16,2.14,8.97,6.08,73.28,3.21,5.67,287.52,7.69,83.49,95.2498580569154
20,2.98,4.48,8.33,70.13,4.1,5.83,287.31,4.75,66.03,69.62684031469763
16,0.37,1.02,5.72,96.12,4.94,3.73,303.52,-1.64,54.29,59.21004956517786
24,4.18,6.64,7.68,96.74,1.53,10.03,268.24,12.77,82.91,82.50929576572042
21,2.92,1.57,7.56,70.41,2.32,4.23,277.38,6.9,55.68,49.14369378431291
21,1.61,2.84,7.7,65.02,3.34,4.35,307.78,1.64,63.44,62.68963878079065
18,5.43,2.59,4.02,67.9,0.7,9.5,238.29,12.04,23.13,28.402329723644215
22,2.6,3.68,5.68,92.04,3.68,3.61,283.34,6.22,56.46,63.15415686647246
24,5.9,1.08,6.66,80.94,3.46,8.93,265.57,11.92,27.39,29.58806758089839
24,1.58,2.93,7.75,77.02,1.91,5.82,306.4,2.93,68.54,67.15528903899235
23,4.41,7.18,4.04,88.45,1.9,6.27,277.96,10.58,67.87,68.50879452615288
22,4.59,5.1,7.05,75.59,0.86,7.76,276.73,11.39,56.48,62.145204552425156
21,5.68,6.99,8.1,65.81,0.55,11.38,252.32,15.46,64.56,69.58639536341757
24,7.73,7.25,8.12,99.58,4.63,12.39,229.94,18.26,69.49394362779913,69.76656452133318
18,3.87,8.16,8.68,83.59,3.75,9.08,262.54,13.94,97.86,93.82354031252552
21,7.61,3.8,5.47,77.28,3.88,12.43,233.44,21.35,22.19,32.57705738305316
19,2.02,9.42,6.57,72.33,0.1,6.39,297.64,4.81,99.01,100.23129325668896
19,1.97,1.09,7.84,75.35,3.88,4.9,287.56,9.32,60.66,53.75056671114061
20,2.15,5.86,7.84,66.61,3.79,7.73,286.97,5.16,79.31,79.98517519018387
19,0.29,4.11,6.35,83.52,2.09,4.61,314.04,5.28,77.21,78.4071527590678
17,6.66,1.89,8.12,60.19,4.16,9.73,236.82,17.47,33.95,30.620321136335342
23,6.2,5.71,6.67,85.13,1.66,9.07,242.33,11.2,67.14379814119357,58.59706468428902
24,1.52,2.32,4.54,79.32,3.62,6.56,302.59,5.99,53.5,52.29746794516943
20,3.17,8.85,5.83,62.86,4.88,4.71,269.74,9.47,97.2093253150383,85.03735079370779
19,4.18,4.05,4.21,97.24,3.16,9.51,266.47,10.57,59.53,53.10400712238389
20,1.29,6.95,8.97,74.56,3.62,5.45,309.51,4.2,100.0,97.9660194188838
23,0.09,7.02,5.62,91.01,3.93,3.94,310.44,5.94,96.16,97.15192088838651
24,7.98,2.07,7.47,68.57,2.46,9.52,242.99,16.89,21.43,24.499009017306633
17,1.57,3.47,5.29,96.23,4.71,4.84,293.1,6.71,65.59,67.09790425836339
22,3.92,4.4,4.55,64.46,3.34,7.18,272.55,11.65,53.18,48.673506295463085
23,7.1,2.23,4.77,81.86,0.38,10.02,245.52,13.37,19.89,23.855291646766375
17,5.04,6.09,8.59,96.58,4.57,6.24,257.78,10.0,82.70191863123239,77.60399257669394
19,4.55,6.07,4.26,62.8,4.59,6.19,261.59,8.02,54.17,54.01338710762489
19,1.92,6.53,6.13,89.26,1.55,3.72,307.39,5.36,97.54,85.71527315866246
18,1.79,3.8,5.08,65.97,2.97,2.91,301.44,4.76,70.87,58.520868829308654
16,6.96,1.42,8.03,98.4,3.72,11.25,228.6,16.9,39.27,36.63656919827763
22,6.75,2.84,7.97,94.1,2.04,11.41,251.13,14.23,37.3,45.02482180669323
21,1.68,8.4,8.29,68.0,2.5,6.61,289.73,6.31,100.0,100.82010079857108
21,2.18,9.11,4.42,90.67,3.87,6.61,286.69,9.75,92.52,94.65750225737963
17,0.98,5.95,7.36,78.39,3.77,5.31,315.56,3.57,87.3,88.34752839227372
21,6.07,1.88,5.04,72.99,3.2,9.91,254.83,13.02,13.62,25.487409495985254
20,2.73,2.42,8.94,63.45,3.85,5.33,272.76,3.36,68.13040692113319,58.402650670929866
17,4.88,6.96,7.88,85.66,2.97,9.67,276.23,10.54,80.06,78.10062513703105
22,1.45,8.0,4.72,67.96,1.53,5.37,314.8,5.43,90.42,86.01624170779459
23,3.07,1.37,4.22,80.34,0.32,8.82,289.8,10.03,37.74,37.4566265685164
24,8.0,6.17,4.13,96.97,1.41,11.81,231.18,18.1,40.92761123181735,45.9601806734291
17,7.06,5.93,5.66,65.81,3.86,9.48,215.11,13.88,42.09,46.19100668565528
16,0.51,5.53,7.32,98.79,4.55,4.33,299.38,3.77,88.66,94.04091631395048
18,0.79,1.84,5.43,98.64,4.82,2.36,317.5,3.18,65.99,61.984714747653086
21,5.46,7.11,7.79,77.04,0.75,8.94,264.18,12.76,84.69406212344583,73.41808969942812
21,1.75,7.22,5.06,72.26,1.5,5.01,279.86,3.54,88.07,82.06932938985756
22,6.09,2.51,5.68,71.96,4.79,9.33,259.22,13.59,29.14,31.37066019687722
19,5.66,1.3,5.08,77.98,0.7,8.34,252.27,9.3,30.88,25.665259550741002
21,7.92,5.02,4.35,67.66,2.05,13.13,218.8,20.74,22.74,31.759108079423765
22,7.06,5.72,6.04,75.89,4.18,8.41,242.92,15.45,53.59991660669596,49.0866562426102
22,4.36,4.46,8.87,98.96,1.21,6.5,297.12,7.36,65.21,72.54980067721908
24,2.44,8.01,5.86,98.92,4.61,5.47,292.8,7.64,88.95,93.86711701675796
19,4.93,5.58,5.71,73.41,2.53,10.56,254.33,17.39,64.03,57.99255565611061
18,6.58,5.16,4.47,81.05,3.29,12.0,251.43,15.64,37.34,43.70619261502388
17,0.14,9.52,4.32,71.41,4.04,1.2,291.78,0.27,86.98,102.02408259389193
16,7.79,3.04,7.48,68.97,2.26,12.89,232.34,17.12,25.7,31.875777319670785
17,1.7,7.34,6.75,78.56,4.05,2.95,303.83,3.26,93.95,91.04422755580745
16,3.66,8.7,5.97,74.85,3.1,8.87,283.49,10.32,80.11,85.40681019651481
22,2.45,1.48,5.2,91.26,0.62,5.72,299.67,7.32,47.64,48.200421721312836
18,4.21,5.14,5.57,82.58,0.87,9.73,275.06,14.0,55.9,61.06337256308446
24,3.86,4.99,4.39,99.11,3.92,8.34,275.78,12.57,59.76,61.9878870511619
18,3.36,7.42,7.14,68.13,1.21,5.85,299.78,10.16,83.31,81.54787963771909
17,3.74,1.84,5.75,74.27,3.35,5.44,268.52,8.91,55.97127594199817,40.79494104599677
16,1.67,5.1,5.74,64.19,1.74,7.39,296.33,3.05,64.81,69.23043300820916
18,1.7,6.07,8.5,95.72,0.55,7.43,310.44,5.48,107.72527989787888,94.7329955288977
20,1.2,8.48,4.39,87.28,1.48,4.78,303.37,3.03,100.0,94.65205543469685
19,6.81,5.99,6.75,69.0,1.86,11.36,255.76,15.05,48.8,52.855277254811675
20,0.17,7.15,4.82,68.27,1.88,1.19,332.2,-1.0,77.42,87.71463797841983
20,1.43,1.57,4.93,73.43,1.83,5.17,302.27,2.07,58.82,47.80368520825049
18,1.16,2.08,7.73,63.65,2.18,2.3,312.45,2.03,58.17,60.2469213698245
23,4.69,5.18,5.72,63.43,4.46,8.21,262.05,7.14,57.68,53.15178592816387
19,6.38,5.26,4.14,84.91,4.72,8.02,244.09,12.4,49.15,45.13618213726694
19,0.15,9.93,7.59,94.52,0.86,2.02,329.55,1.04,100.0,123.49034171832167
16,7.12,8.52,7.35,69.23,1.9,10.82,233.44,16.17,73.30991337202032,69.68249256779416
20,1.4,3.39,5.53,80.85,3.48,6.66,312.96,8.25,69.66,63.99954639443842
23,7.74,1.24,6.86,95.22,2.14,11.91,225.19,18.17,22.04,26.051905334179544
22,2.12,9.12,7.09,67.17,1.64,5.08,276.58,5.02,95.33,98.29853497742823
22,4.28,6.1,6.18,61.04,3.52,9.26,267.13,15.7,70.94880727216021,62.79231001575487
19,7.73,2.98,6.67,62.28,2.35,12.88,224.79,17.01,11.54,26.854195800133045
18,6.77,1.12,6.19,97.07,2.31,11.53,236.07,15.32,24.12,28.403814713144953
21,4.87,1.07,8.25,80.78,2.77,8.14,260.47,11.49,40.29,41.17322173385647
20,0.76,1.68,5.95,93.15,0.76,4.08,299.28,3.63,60.68,61.85463454527413
22,1.12,4.15,8.37,84.11,1.84,3.79,311.43,3.64,96.29,81.8238032664309
19,7.71,7.6,5.94,84.07,2.32,12.29,230.22,17.72,63.08043137291654,59.626226667995525
21,2.81,9.05,6.94,77.75,0.83,7.77,276.3,10.64,93.43,96.91266108340227
18,0.78,8.76,6.31,70.34,0.81,1.98,303.67,2.15,100.0,101.16959573660245
20,7.82,7.55,4.87,73.94,0.16,11.49,224.81,15.54,57.12280855815932,51.83959444873077
16,7.7,9.18,6.91,65.41,0.45,9.46,230.49,13.46,77.61448622135464,67.92340492883096
17,0.94,1.42,5.1,73.83,1.27,6.03,326.36,3.08,44.29,50.260515717034636
21,4.48,6.13,5.82,76.59,4.19,10.27,256.4,13.07,69.0,64.81822073124066
21,5.93,6.67,8.96,83.47,0.33,8.64,266.33,15.13,63.21,74.50564814656661
16,1.37,7.75,4.29,84.56,4.42,2.71,298.93,4.28,95.32,87.97886868583254
17,2.38,7.47,5.05,74.43,0.78,7.15,287.2,8.51,76.91,81.1075323119523
18,3.49,3.06,7.29,91.99,4.35,7.79,280.02,7.84,52.07,60.431483961676946
16,4.5,2.33,5.57,96.61,0.73,9.36,275.96,12.25,44.65,45.71584310958646
23,0.59,2.42,4.05,77.67,0.41,5.75,310.78,6.03,72.47994815879551,55.89364406341092
19,6.37,5.83,5.68,90.79,2.54,8.17,242.06,13.78,46.68,56.506412519545194
18,7.68,6.95,4.14,98.71,0.6,11.57,217.26,18.68,43.93,53.40216208407144
19,3.86,4.93,7.95,91.14,1.43,9.27,278.19,11.28,77.7,72.8206517495224
19,4.2,6.83,8.58,69.91,4.54,10.06,262.9,11.0,83.95,79.05925753973966
16,7.98,8.53,7.89,80.05,1.1,12.46,225.75,18.98,60.716003368149046,70.42025606425725
17,1.63,2.79,8.23,90.83,0.85,2.69,292.97,7.13,72.31,72.35561365283957
23,3.71,7.29,5.32,75.43,1.57,6.61,286.71,9.74,77.66,74.00738626706377
17,3.59,1.74,6.4,60.69,0.57,5.6,270.9,11.15,48.675062655223,39.85281777465737
17,7.48,2.07,8.89,96.55,0.25,10.07,236.26,18.41,31.94,40.9293140063158
22,5.01,10.0,8.13,66.63,0.75,8.65,261.98,13.6,107.57247642001266,92.44771282003197
19,3.01,3.53,4.18,86.14,3.97,6.81,288.78,9.91,46.98,52.76632093437943
20,1.53,8.22,8.67,71.82,0.14,4.96,296.65,5.96,100.0,103.19268970017134
24,5.84,7.71,8.58,83.33,3.71,10.07,244.97,15.13,85.65129954795526,79.88461422281512
20,5.13,6.34,4.14,90.39,3.1,6.2,260.54,9.18,47.74,60.183615172394695
24,4.37,4.5,7.14,73.96,2.11,7.94,262.91,10.52,58.11,59.33476072349256
21,0.08,8.3,8.04,86.4,4.63,3.84,331.89,2.94,105.17843966197064,112.72648929778725
18,4.92,3.48,5.96,86.38,1.74,9.4,269.92,12.84,53.33,49.19109175645663
20,3.21,2.77,5.01,64.16,0.41,8.84,290.51,6.98,42.26,43.68582793674998
21,5.84,5.59,4.35,86.38,4.42,11.44,248.69,14.91,51.8,51.39377678913134
17,3.79,8.33,6.61,67.97,0.04,7.35,283.17,9.33,77.4,82.98884960724394
16,1.25,2.13,5.99,93.85,1.52,5.39,303.42,5.63,73.88,62.4334910768231
17,3.75,5.99,5.86,65.29,4.73,6.49,278.74,7.64,69.67,64.48151198302969
18,1.01,2.76,5.13,82.55,1.42,4.3,311.92,1.68,67.88,60.95989242855924
16,1.67,6.87,8.78,84.64,4.84,4.63,296.03,2.11,103.3367839388023,97.49344981610824
24,4.93,6.05,4.04,80.22,2.83,10.11,252.67,15.1,59.9,56.42479477768205
19,6.66,2.0,7.33,94.74,3.52,11.57,239.33,16.41,37.92,38.12520698376366
22,0.43,6.4,4.39,95.12,2.14,4.83,310.26,4.35,79.36,87.95213112202492
22,2.83,3.62,7.59,82.07,0.37,5.31,292.31,8.27,67.54,66.10938080865063
23,2.36,1.2,7.95,84.82,1.63,5.97,291.01,4.9,58.76,55.22405276805525
22,5.07,1.01,8.47,71.69,0.44,6.09,266.22,10.7,42.98,38.061693580670436
23,1.95,1.32,7.49,91.68,4.5,6.45,300.78,9.06,71.18,58.446270199548906
20,7.86,7.81,8.42,70.5,2.54,10.47,231.47,18.2,66.43708853857973,65.62524325306728
16,1.62,7.45,5.43,84.95,4.21,7.35,312.33,10.9,84.58,89.34528327408492
21,6.78,3.99,7.78,61.1,2.91,11.37,248.18,15.15,38.31,41.96937675703054
22,0.03,4.37,5.27,87.04,4.86,3.92,332.21,-0.12,76.95,77.76001508874103
20,5.87,2.7,4.85,97.94,1.49,9.27,257.01,17.78,59.05444219165794,38.62285542802792
23,5.13,8.35,4.67,65.23,4.29,8.48,256.8,11.84,66.74304018708538,67.64191014183376
19,6.44,6.56,4.46,68.05,2.24,8.87,247.03,17.08,56.195058153358666,49.807244663699024
23,0.38,8.66,7.03,80.23,0.22,1.45,298.1,0.21,100.0,108.16363896787655
22,1.25,6.9,4.53,95.52,2.89,6.08,314.36,6.19,82.99,87.28588186605472
18,3.97,4.46,7.63,92.08,1.91,8.36,278.81,7.17,75.42549844527976,68.06548162057965
18,7.78,7.73,7.11,88.64,0.27,12.97,229.19,17.76,67.29181607743422,65.91525246508856
19,2.3,5.49,8.95,62.57,2.4,4.42,284.06,7.02,70.14,80.19817657071187
22,0.47,4.45,6.51,96.36,1.45,2.81,307.79,1.17,71.22721644654703,83.68879432699327
22,7.06,8.13,4.18,71.72,2.84,10.77,249.29,16.54,62.53034844502769,56.14690470745781
18,6.67,2.44,5.58,92.76,1.33,11.52,229.21,17.56,26.08,33.99033079065128
24,5.11,1.59,6.78,99.37,0.19,6.26,252.4,12.01,43.46,43.223631699390204
21,5.55,8.28,6.89,87.82,3.42,9.71,240.22,14.59,86.88515019935502,80.0458373977159
23,5.57,2.87,8.35,96.04,2.63,7.55,235.61,11.49,51.88,53.5991217868568
19,2.32,3.87,8.61,83.16,4.08,6.79,290.88,6.03,79.33,74.20562963466591
17,0.26,1.6,7.99,95.56,4.31,6.17,313.89,1.57,63.88,71.94662805049418
20,1.89,5.92,5.29,64.69,1.94,4.68,298.94,6.27,72.82,71.86899583496343
24,7.69,7.68,5.09,78.38,2.34,11.41,229.96,17.19,58.15265903542986,55.348096487396305
20,4.2,4.86,5.27,80.18,3.4,7.28,261.26,12.95,57.01,57.42126636381241
17,0.27,5.27,5.45,84.29,3.35,2.56,324.58,4.23,80.62,82.54124480275846
23,5.79,5.36,4.01,63.41,0.74,9.17,265.29,12.65,37.41,42.42512970179695
19,7.42,6.84,8.55,91.56,4.56,12.28,234.46,17.98,67.38,68.21241894280516
16,0.57,7.86,4.71,60.56,1.32,2.89,328.92,4.58,82.48,87.79720765252551
24,6.74,7.83,8.95,69.34,4.28,8.9,242.58,18.68,78.05368000881292,73.36088463669174
24,1.27,6.73,5.46,98.8,0.34,2.41,304.41,3.17,93.78,90.67173780987738
18,2.94,5.65,4.03,64.7,1.01,6.57,269.03,7.61,55.44397330438685,59.991764170358664
24,6.48,3.59,4.01,74.84,4.74,9.06,264.25,13.47,21.8,30.555675813701978
19,1.1,4.65,7.31,71.3,4.84,3.85,322.19,3.58,86.33,77.19090030928217
18,1.29,2.31,8.16,71.26,0.1,3.24,293.53,2.79,79.21673264135691,65.05314080889252
24,6.9,8.5,7.73,72.87,1.73,9.85,225.2,13.23,82.93732463867757,73.03188573984903
16,6.88,7.99,6.2,68.12,2.35,8.29,253.21,17.06,55.71096316223149,63.00197052057268
21,6.04,2.44,7.69,97.73,0.76,9.33,243.85,14.14,52.39,46.55415062986873
20,7.13,3.62,4.15,89.28,4.24,9.93,229.34,15.56,28.59,32.2467477511654
22,0.21,9.05,8.4,97.36,3.19,1.65,319.51,0.99,100.0,121.3408186526772
19,2.02,2.53,4.02,86.22,2.85,6.07,289.28,3.24,47.74,50.94471011714597
16,0.99,1.44,7.58,66.3,0.48,6.52,318.55,6.74,65.4,57.610157456574655
16,5.44,8.52,4.08,63.1,2.66,8.1,245.95,10.17,69.46892175533475,64.356005888885
22,0.94,5.16,7.37,71.06,1.36,4.51,313.79,3.37,79.81,81.65294953884006
18,5.2,6.04,8.66,96.77,3.24,10.56,258.53,13.35,71.12,76.89154314512604
19,0.67,9.53,8.09,99.85,1.97,2.74,328.64,1.46,100.0,121.47714644245173
20,0.1,8.68,5.43,79.46,3.91,5.84,322.05,4.4,99.2,103.35587625794318
17,2.34,2.39,4.53,99.33,2.34,4.45,289.28,9.41,55.22,54.497022754406856
22,3.14,6.77,5.71,77.91,2.03,8.91,271.0,13.88,74.81,76.26621858124011
18,4.73,6.59,5.8,68.11,3.08,8.42,270.29,10.79,57.43,63.80166194199148
16,2.68,4.9,4.47,70.0,4.29,7.52,283.23,7.33,60.73,59.52254749277801
16,2.49,4.05,5.87,97.9,1.49,4.13,281.76,3.78,66.56,68.53820077211257
17,5.96,5.91,7.92,86.18,1.83,7.13,257.27,16.11,58.8,66.51688242383983
20,5.7,5.49,4.46,87.72,0.86,10.02,228.69,11.81,59.52,52.53693192172304
23,5.45,1.25,6.83,97.01,1.15,7.34,247.09,11.27,31.89,38.63367823010695
18,3.98,7.35,8.52,92.87,2.61,7.98,266.63,11.27,86.21,90.096057774162
16,0.16,3.58,8.55,70.85,1.05,4.89,308.53,3.62,73.62,80.43864366123418
17,7.91,2.02,5.19,95.77,1.62,10.32,224.37,17.09,7.35,24.012786873318937
23,4.7,6.15,7.6,73.77,1.28,9.46,278.25,8.76,62.57,69.4435791858883
16,5.03,7.46,5.16,73.22,3.85,7.44,255.27,12.09,76.6052965311391,66.8756016579143
20,2.73,6.03,6.43,98.55,0.45,4.0,308.84,7.92,83.32,82.154954882478
21,2.41,6.77,5.2,65.14,0.98,4.81,292.25,6.35,76.01,74.28026563351767
24,6.45,2.43,7.11,83.91,0.6,10.31,247.3,14.85,43.52,38.09061084196665
24,4.77,2.17,7.6,81.36,0.89,9.3,260.72,12.12,40.53,46.47342624380095
16,0.59,2.69,7.73,93.63,2.83,1.86,309.38,0.55,66.25,75.69981110857606
16,2.39,8.23,7.96,62.95,1.89,6.57,305.37,2.61,92.18,92.97642573627255
23,1.88,7.85,5.82,88.39,1.89,6.97,302.21,11.48,93.33,93.08759685992425
17,0.05,5.26,7.53,92.73,3.88,5.56,318.45,-1.03,101.01240878714766,93.48338376226178
16,3.32,4.71,7.56,99.17,1.02,7.02,287.76,10.16,69.24,75.21761804035438
21,7.23,3.09,4.23,72.68,4.53,8.94,236.7,14.97,21.09,23.826840165670752
17,4.75,2.68,8.06,91.44,1.49,6.54,274.54,6.07,59.18,54.08066089206654
22,0.03,8.29,7.73,93.39,0.36,4.94,322.67,1.33,100.0,113.97099994741211
20,5.29,1.87,5.43,90.21,3.22,8.91,273.47,10.43,26.98,35.846340356093194
24,3.52,9.75,5.69,69.55,4.05,5.31,285.79,4.92,87.67,89.81215876189188
16,4.97,4.83,6.66,98.29,3.42,7.23,266.11,13.52,60.18,63.51333241131296
19,4.51,8.78,6.34,73.96,2.39,8.25,260.36,11.77,79.22,82.67179057345268
20,2.92,2.52,7.08,74.51,0.72,8.45,271.34,11.32,57.69,54.8093468402463
17,0.59,6.99,5.87,76.89,3.04,6.55,314.27,3.84,87.32,91.03112069372563
23,5.0,5.58,7.24,98.8,4.56,8.59,271.59,14.21,73.33,70.21720006426203
19,6.65,8.14,5.61,87.11,3.03,8.38,239.77,14.6,83.53725521458709,68.25290525363441
17,6.72,3.23,7.21,66.34,0.3,12.17,245.43,14.76,38.54,37.05538337299327
16,5.51,4.11,5.73,64.83,2.91,7.14,244.31,11.71,46.41533148777375,42.990520598990564
16,6.25,2.12,5.65,65.76,4.74,8.71,248.69,14.1,26.11,26.333607018489793
21,1.86,1.52,4.97,80.38,4.21,6.59,303.2,1.15,43.3,47.00425269658195
23,0.35,1.39,8.58,64.35,0.15,1.99,311.8,2.46,69.37,63.8266592650434
22,7.64,5.98,8.72,72.2,3.7,8.75,215.8,18.91,56.96,56.979808439342165
17,3.48,6.37,7.21,87.64,3.71,7.07,280.28,8.57,79.57,79.93164700351005
18,3.86,8.44,7.68,76.04,0.39,5.09,272.0,6.73,87.22,89.5662460688076
17,6.48,5.17,5.42,88.21,4.94,9.33,245.2,14.55,52.74,49.88175990854827
16,1.99,3.13,6.41,84.82,2.1,5.39,308.8,7.48,65.59,63.75065987954134
20,7.98,4.77,5.08,91.79,0.8,13.48,230.47,18.52,27.24,39.39818639267597
23,3.31,3.27,8.99,69.19,3.33,7.74,269.48,8.5,62.01,62.70902308320144
20,6.36,3.16,8.81,69.51,1.79,12.23,239.08,14.04,52.58,45.34694669012571
16,3.78,4.1,6.29,67.48,1.58,6.39,278.23,7.02,51.59,54.84353425442927
16,7.25,3.49,4.51,83.62,4.65,11.67,225.06,15.47,22.43,30.487240129465025
20,1.53,6.47,7.38,84.01,3.29,3.75,293.55,4.62,100.0,90.55055761449358
23,1.99,2.1,6.79,63.68,0.89,7.7,304.43,8.09,54.76,52.621878944540526
22,1.62,1.33,6.45,74.46,4.09,5.67,290.62,1.13,60.69,51.07434621109417
19,6.9,9.74,4.68,91.9,3.23,10.14,219.63,15.07,81.31590848817952,74.92522967549519
16,4.05,2.56,6.15,65.24,2.86,9.8,276.34,8.74,56.06115485945377,42.420690016098305
20,1.73,6.72,5.74,68.26,3.53,6.41,314.43,8.67,90.08143238157515,80.40392375826983
17,1.96,7.11,6.04,77.72,1.54,6.26,288.56,5.58,87.3,85.57029909426538
21,7.4,4.05,5.85,61.56,2.45,11.05,241.52,18.58,29.16,32.14329670770162
22,6.82,9.83,6.11,94.24,3.64,11.09,223.52,16.82,81.27046265317097,81.9738128364944
16,7.01,4.7,5.69,99.26,1.37,9.28,244.09,22.05,34.82,48.960715026101
18,7.91,2.9,8.32,81.55,3.66,13.89,240.49,17.64,21.31,36.94044910541911
20,4.42,4.08,5.3,64.64,0.09,8.42,257.29,8.06,42.3,46.87031926821662
16,6.72,8.43,8.39,86.7,4.68,10.83,228.3,12.86,77.2746708938854,79.83205023342018
17,2.93,6.54,7.9,73.44,2.39,4.83,296.18,3.91,82.98,82.30188293522284
20,3.04,7.02,7.59,84.35,0.72,4.84,276.5,5.14,86.76,86.95552737122577
22,7.45,4.67,4.41,69.65,3.7,13.33,236.89,17.24,24.41,32.452966953297405
20,7.2,3.25,7.91,74.06,3.19,9.3,230.29,13.36,35.36,39.25874932731453
18,5.52,2.05,7.33,66.92,2.79,10.56,247.76,14.42,33.72,36.59656928263924
21,3.32,2.28,6.39,91.32,1.95,5.38,274.26,6.4,56.37,53.00896720556351
17,5.24,3.99,4.92,61.86,1.29,8.22,264.76,11.84,38.91,39.77182626419976
24,7.88,1.67,5.32,83.94,4.99,13.69,215.54,20.11,8.98,18.88836906480811
16,5.27,4.5,6.53,98.81,1.78,6.68,262.07,9.9,62.54,59.381794987898274
24,6.38,6.12,4.84,97.62,1.97,11.91,249.44,16.37,71.97988233706849,57.06888068369878
21,5.53,8.59,7.74,71.57,4.46,6.79,247.19,12.87,88.5609535265387,80.52074084135819
22,4.06,1.28,7.29,80.67,4.89,7.04,266.66,7.99,38.6,42.883418656342286
19,6.67,1.47,7.08,90.61,3.3,10.25,249.82,13.12,44.04,32.395403724187446
18,6.51,1.06,6.68,70.62,1.11,8.47,243.35,14.76,16.03,23.808588034158888
21,1.59,9.79,7.46,99.78,2.0,4.99,312.99,5.8,100.0,115.98511876536236
24,3.76,9.58,6.9,81.07,1.28,5.99,264.68,9.98,100.0,95.89340965116247
23,0.6,5.68,7.1,87.74,1.73,5.09,322.51,3.23,89.8,90.43472042712355
21,1.85,2.43,8.63,68.15,0.8,5.63,300.69,5.47,70.4,63.61181820956165
21,3.08,1.63,6.8,86.97,1.05,6.72,285.06,5.84,68.53544948852071,50.43948025643805
21,1.72,6.84,6.86,85.75,0.83,4.22,305.02,1.97,98.36,90.3058367268583
18,2.61,7.55,6.65,63.55,4.85,5.61,288.67,5.56,78.57,82.81632860922369
16,3.68,1.7,5.02,70.45,4.65,7.95,279.63,8.47,42.33,36.154084788088454
22,0.71,4.06,8.01,78.82,3.94,2.43,299.04,3.26,71.8,80.55785732638566
18,5.73,8.7,5.2,87.58,3.21,9.84,242.37,12.11,85.20607497088425,75.16555523795984
17,1.69,4.86,5.36,84.16,2.13,4.38,309.54,3.08,79.96,71.8865790799384
22,0.31,3.81,7.44,85.66,1.06,5.05,318.24,2.18,76.99,80.92148531435248
16,2.34,7.77,7.29,75.54,2.36,3.68,278.0,6.73,81.46,91.90433109701442
20,4.68,3.64,4.58,74.93,1.16,8.54,254.33,11.02,36.9,43.04821566585736
16,5.47,2.95,8.8,65.44,1.12,7.05,253.25,11.47,39.46,47.677856806759316
18,3.91,4.76,4.58,97.9,0.71,6.4,262.09,11.15,61.59,60.970364224937356
18,1.75,1.03,4.51,90.52,4.53,5.65,297.0,5.71,58.84461279165568,46.055564498399775
22,0.54,7.06,8.12,82.69,2.58,2.08,319.29,-0.39,100.0,101.68355493192439
22,6.26,3.46,5.58,77.1,3.49,7.41,238.01,11.31,30.22,37.65102697246658
24,6.38,4.43,6.16,76.51,0.47,7.74,257.43,17.12,40.57,45.567708328903684
21,4.89,1.43,8.89,97.43,0.29,7.63,255.37,12.19,50.76,50.77211828823513
18,4.78,7.45,6.0,69.93,2.15,7.28,246.52,11.84,56.22,70.52104714362115
22,0.67,1.31,7.89,60.88,1.86,5.3,304.15,0.99,61.53,57.72854151362431
19,3.51,2.9,6.95,85.49,3.08,8.13,267.63,8.48,56.65,56.346836543362954
17,0.85,9.92,4.8,70.54,1.16,5.39,304.96,1.49,98.57,102.31319908342479
24,4.34,1.73,8.36,99.05,0.87,9.4,254.89,11.83,51.42,53.97805164221048
16,6.1,1.93,8.4,98.58,3.57,9.15,272.44,13.56,48.38220621802011,45.60217426218951
17,2.81,3.41,7.25,97.78,1.19,8.42,291.24,5.84,70.87,67.87207892783903
24,3.18,2.65,8.15,73.55,2.7,4.76,294.0,6.43,61.79443208491004,57.458230686167354
16,3.6,6.41,4.12,87.95,3.41,7.69,280.05,9.34,64.32,68.06292601901032
18,0.9,6.54,5.71,92.71,1.23,5.79,308.23,3.38,88.55,90.5787073997461
21,7.79,8.34,7.75,85.64,1.73,13.29,213.29,14.52,73.31661823610779,70.98686373638195
20,7.77,6.35,6.54,75.94,1.1,9.75,228.45,14.88,57.73,51.32600514412766
22,3.21,6.51,5.32,94.36,4.36,7.68,276.74,8.67,75.45,77.00531792454416
18,1.89,9.2,7.07,84.84,1.6,5.94,312.64,5.88,100.0,104.92499172890777
16,1.25,4.27,6.2,87.71,2.43,5.6,305.37,11.01,79.8,75.21929007340663
21,6.34,5.01,8.24,86.68,0.63,9.98,238.66,12.01,66.06,59.90781402424404
18,0.14,9.27,4.18,76.74,0.44,3.94,330.04,3.63,97.93,101.60941381853817
18,2.41,1.32,7.38,95.43,4.55,4.69,296.87,5.96,72.38248427722482,56.535788287094604
24,0.52,7.17,6.61,68.07,2.34,4.75,301.69,3.65,92.4,92.88190007756387
20,4.82,5.52,6.48,92.42,1.83,8.47,258.11,9.94,73.75521000341844,66.16183445717871
16,6.08,4.17,8.47,86.32,2.68,8.66,234.52,12.15,54.95,56.776872716885926
16,7.02,3.44,6.8,84.7,4.56,8.69,226.05,17.88,36.52,40.592543540340934
19,2.07,9.15,8.69,69.72,4.47,4.65,288.31,5.65,100.0,105.3355337782418
22,5.35,8.38,5.37,70.13,1.13,6.42,260.53,9.35,85.37809269072731,70.78627356270162
20,2.02,8.47,6.24,67.38,1.85,4.1,306.3,8.84,84.84,91.73050397812105
18,0.54,4.8,6.09,83.18,2.28,2.44,336.93,0.58,73.07,79.9636429499268
20,3.43,8.01,7.39,80.18,2.15,7.88,286.71,11.4,94.6,89.27745335780247
21,0.14,2.52,6.83,63.81,0.79,3.06,313.7,2.88,65.91,65.32070786368158
21,3.23,6.02,8.56,95.43,1.85,6.65,282.46,9.18,88.57,86.51764964359526
22,5.73,3.33,4.04,95.38,4.08,8.44,255.63,14.2,34.66,39.17897845598549
20,7.84,9.05,8.3,67.02,1.13,9.98,230.65,15.5,78.72143827795067,72.04933211322285
17,6.67,1.78,6.5,99.95,0.72,8.48,234.6,16.8,41.38,35.419913062501074
16,6.78,9.87,7.78,87.3,2.6,12.09,247.91,16.45,87.98076962195906,86.69087230845267
23,2.6,4.3,6.42,88.97,3.1,4.14,304.95,5.5,76.43,68.81570666699324
22,3.26,4.88,4.11,94.59,2.47,8.66,292.74,8.39,60.58,61.968322913629144
17,4.66,2.51,6.54,93.22,1.91,8.13,250.63,7.1,57.56,48.40916818266812
16,1.41,4.74,6.97,60.06,0.57,3.38,296.69,1.69,74.6,71.93562832898361
16,1.28,8.6,6.33,75.49,1.54,3.98,309.07,3.97,104.23324699780883,98.98687977477971
23,1.22,2.12,7.92,66.19,2.91,4.31,300.61,3.97,64.65,61.63107795906459
17,3.6,8.36,4.5,78.23,1.87,6.71,277.39,5.69,75.04,78.90897433991609
22,0.05,4.8,6.13,96.7,3.76,3.8,324.46,-0.83,79.14,86.44102194923389
23,5.88,6.81,7.66,94.18,1.03,10.2,268.33,14.45,71.21,73.6657701215959
21,0.01,3.41,8.44,70.66,4.34,3.34,330.19,2.28,80.86,79.27375222711945
22,6.15,1.44,8.74,75.86,3.77,10.63,247.16,12.57,36.01,36.95317195630083
24,6.21,1.48,8.76,89.14,3.6,9.71,241.92,12.18,42.14,40.779631622264034
24,6.08,7.13,7.74,76.71,2.46,7.93,250.1,12.89,79.1184980153619,69.84848551644225
23,6.52,3.58,8.49,63.21,0.55,10.84,248.49,13.97,44.2,44.154723101820636
18,7.17,3.08,4.26,75.34,4.73,8.17,231.49,16.18,22.06,25.115748718384562
24,2.84,9.87,7.84,91.9,2.99,6.95,289.43,5.42,100.0,108.79441567893619
23,4.57,6.15,8.16,95.04,1.1,6.01,258.16,12.29,78.16,78.80533913545253
19,3.94,4.47,6.75,74.5,4.85,7.38,265.19,11.82,53.26,60.1301936306377
21,6.32,2.07,6.01,86.26,1.36,9.1,235.28,15.36,29.55,33.182564997771074
19,2.79,1.07,4.73,76.68,0.8,7.01,282.64,9.51,36.32,38.03368228543356
19,5.56,7.06,5.57,66.47,3.88,9.28,225.63,10.71,68.47404140141421,61.05429148160519
18,7.87,3.98,5.8,76.48,2.5,11.85,227.36,17.6,24.22,33.25092135197217
18,7.37,6.8,5.92,69.59,1.64,10.05,216.89,15.6,48.67,52.274644441166764
18,3.13,9.07,8.29,74.72,4.98,7.44,279.2,5.68,107.5954962390432,98.92966690835286
19,3.59,3.48,7.28,71.25,0.96,6.67,264.22,12.04,57.16,57.1675347536103
16,5.04,3.7,6.43,95.71,4.1,10.27,254.48,13.34,46.45,54.313127011008454
20,7.88,3.27,8.8,92.15,1.46,11.67,218.12,19.06,42.31,44.68926840677226
16,5.68,4.07,7.64,94.75,3.68,7.3,272.83,16.81,61.39,57.68081502112351
19,5.41,4.45,7.75,79.87,0.86,7.32,271.29,11.34,53.38,57.51665647522966
23,1.75,3.24,5.56,64.79,4.8,6.7,306.23,7.48,60.68,56.51902489346038
16,7.23,9.22,8.7,61.8,4.64,12.46,240.84,17.59,83.27144285271568,76.25388268115535
23,3.49,8.18,5.79,95.91,0.76,9.04,271.67,11.51,95.79,88.62689171812548
18,6.82,3.96,5.63,97.72,3.87,12.36,249.94,14.92,45.45,43.882957908067546
21,4.4,3.59,5.53,84.03,3.01,7.81,277.52,10.86,50.43,50.1838077164086
16,4.42,6.4,5.46,89.9,0.2,9.45,263.34,10.02,64.15,69.43613493513996
20,7.58,5.41,6.61,76.48,3.83,12.81,217.96,19.48,43.86,46.91680986900081
22,0.89,9.07,7.27,82.26,0.79,1.91,315.37,0.33,98.59,109.32835832481854
19,7.15,7.78,4.67,94.02,2.03,8.34,249.22,13.9,68.11220264485264,61.68121902511779
21,2.74,1.69,5.2,95.57,1.1,5.0,285.09,8.41,47.75,49.32975632775863
24,1.94,8.4,8.11,94.77,0.11,2.98,307.97,2.05,100.0,106.27185057575437
20,7.54,1.86,7.61,70.07,2.5,12.4,238.76,18.71,21.85,26.619688189097097
24,5.23,6.5,5.75,91.73,1.67,9.45,249.98,11.84,56.71,67.26506624780808
17,2.58,4.74,4.11,64.97,4.92,5.49,280.33,6.37,59.07,56.2252807842418
23,6.96,9.38,4.93,63.7,4.2,11.53,234.33,14.85,68.11785699795801,64.93812984346422
17,5.61,1.82,6.83,60.66,1.59,6.98,273.79,9.79,27.99,30.75285081033769
20,1.42,3.52,4.45,97.71,3.14,6.67,294.3,8.32,74.93,65.60849555098228
18,2.61,2.16,6.99,77.61,3.88,6.49,281.53,4.09,60.145987993357096,54.12497473123354
16,6.67,5.14,4.19,82.57,3.18,11.99,254.3,17.43,38.25,42.6026328682258
19,5.13,4.31,4.79,74.81,2.53,10.57,256.45,12.41,46.08,45.508499424046214
19,5.91,4.16,4.66,64.25,1.74,8.77,244.23,10.9,28.32,36.8827812609701
18,7.56,3.75,4.81,70.15,4.36,12.98,203.74,18.45,25.6,27.969241418115345
23,7.38,9.21,7.19,78.29,0.01,11.36,245.09,19.58,70.29452200732754,74.79940726557447
17,3.96,6.58,4.31,92.15,2.9,7.91,245.16,12.05,68.57,69.47157844222475
19,4.5,3.62,7.67,84.79,4.15,5.62,261.6,9.49,43.11,58.104753648841076
20,5.69,5.0,4.51,64.4,3.87,9.51,245.31,11.95,50.25,42.733744585691916
18,2.27,3.44,7.01,86.17,1.49,4.11,297.0,0.64,69.75,66.51048265138294
16,4.05,1.86,5.48,90.88,0.5,7.74,269.78,9.77,44.86,43.163648622200945
20,3.07,5.56,8.07,82.95,2.14,5.16,278.36,5.46,75.9,78.89260233871667
24,2.74,1.13,8.07,98.14,4.22,4.71,289.41,8.39,57.31,57.06054658748202
24,6.86,7.83,5.23,95.63,1.27,10.41,226.81,15.59,56.567290952151225,66.30171793876194
19,1.64,1.24,4.19,66.96,2.62,6.25,296.39,3.16,45.45,39.96770051458757
24,6.44,4.15,5.1,84.83,0.23,12.14,230.11,16.98,38.21,41.89210018680051
16,6.52,8.33,8.09,68.53,3.11,12.3,238.23,20.81,84.93536396051547,74.47297215615225
18,5.31,3.44,6.44,74.65,1.49,8.95,248.67,11.15,45.0455182898954,45.298503869475034
20,2.33,1.63,4.89,64.51,4.29,4.98,277.41,6.63,47.75,40.83657885554257
17,6.6,7.25,4.9,87.35,3.59,9.94,246.0,11.84,68.25916954345982,60.03850115462496
18,7.4,9.61,7.96,79.66,3.16,10.39,238.96,17.62,77.42082051510255,80.27803093962493
22,6.87,7.35,4.13,82.36,0.0,10.7,241.27,20.28,68.14151039738456,55.605740083835016
16,7.24,9.45,4.12,96.91,2.36,10.64,238.81,15.62,63.72709051936707,70.58668022660729
16,3.6,1.96,7.37,77.62,2.22,5.7,267.96,9.27,56.1,49.4737464483506
16,5.61,8.62,4.27,96.04,0.79,7.59,242.17,12.22,79.06147558487677,74.51084260304964
22,0.36,9.5,8.64,66.02,2.33,1.65,317.94,2.35,109.95102663480048,115.43941116693719
20,4.31,8.18,8.3,84.28,2.55,9.79,263.52,9.82,95.15,90.09299897118743
24,0.52,7.81,7.98,60.65,2.45,2.89,318.84,1.3,92.91,99.75045955420453
18,1.49,6.3,7.45,72.23,0.58,3.24,289.92,5.91,100.0,86.91407245346775
23,2.45,3.02,5.86,93.57,2.24,7.29,300.38,7.23,58.71,60.871025550909614
20,7.06,6.4,5.08,62.02,0.78,12.36,239.53,17.15,37.15,46.05347005620143
23,0.74,6.84,7.48,85.73,4.64,2.67,324.96,0.96,100.0,97.55415378280128
18,6.08,2.86,5.6,84.05,1.26,10.07,261.17,12.44,21.28,36.98021053795258
19,3.98,8.39,6.9,66.06,2.01,7.22,271.36,8.69,84.32,82.74291756238796
19,6.02,6.62,8.86,72.39,3.04,8.6,243.42,13.29,66.76,69.992313067304
16,1.57,2.7,4.21,64.56,1.52,6.71,306.83,4.83,51.62,49.088652451810376
16,5.87,4.4,5.92,65.06,3.55,7.39,263.44,14.46,43.49,43.65920819587346
19,3.24,8.49,5.68,87.43,4.11,6.26,272.13,8.52,83.82,88.80576050583068
23,5.16,1.73,6.49,78.08,4.82,11.09,254.91,13.43,40.21,36.25976794429167
23,2.59,8.38,7.9,88.69,0.21,7.71,297.95,9.67,106.25856837002006,100.47338156306705
16,2.28,7.78,6.99,91.64,0.45,7.22,298.41,4.98,104.29292153503876,95.57949853935088
19,6.8,3.18,4.32,61.38,1.54,11.37,232.93,13.75,11.57,23.93407087122774
17,6.67,8.46,7.1,97.23,3.61,8.98,234.29,13.76,94.92768856639016,78.60474987187538
21,6.01,4.43,4.45,99.12,3.63,11.89,231.22,11.89,33.77,47.12382349782791
18,6.08,9.57,7.75,90.79,1.19,12.07,254.47,13.43,88.61792038840149,89.34447042267146
24,0.33,4.19,8.25,81.79,2.07,2.54,319.98,2.9,79.34,85.16674523948618
20,2.39,1.45,6.5,64.27,2.14,3.9,288.1,2.15,37.7,45.20026510892299
19,1.78,9.86,5.51,94.9,4.15,4.02,297.59,3.54,100.0,106.50389704621034
16,4.73,3.95,7.75,67.27,3.41,6.37,261.22,6.67,59.33788002746097,54.099438491808314
24,1.02,2.19,8.02,66.46,2.82,6.98,305.11,5.83,71.48,63.62045605443822
23,5.2,6.48,8.08,62.31,3.59,9.01,244.82,11.85,63.72,67.5551421148582
24,6.5,2.0,6.76,63.36,2.62,9.46,250.51,14.84,35.426229069365974,27.77098455326506
19,2.17,6.14,5.6,74.37,0.07,6.87,299.63,1.78,72.3,75.4545050403897
18,2.49,6.64,4.99,71.74,4.89,5.31,304.31,7.91,74.07,73.90811224228372
16,3.25,1.53,5.56,68.77,3.98,7.94,281.51,10.45,42.07,39.13549102935235
22,4.21,1.8,6.7,60.2,0.32,7.33,269.32,12.92,41.18,37.87054922694447
20,6.15,1.07,6.84,87.04,4.21,11.15,247.69,18.11,33.46,31.005748253754994
23,1.76,8.33,5.74,85.09,4.25,6.92,308.44,3.84,85.7,94.83707605005787
23,5.86,7.03,4.41,88.28,2.68,11.74,243.8,11.9,63.98939510281005,61.056827273908596
17,5.14,9.93,6.82,67.11,2.45,9.87,253.75,13.72,104.17545226738972,86.46407327063974
20,2.21,8.74,7.07,98.07,2.39,7.12,271.66,4.96,108.47047216315411,104.12153441483514
19,4.86,3.8,5.32,84.32,2.51,9.33,285.59,12.06,49.32,48.34071941028522
22,3.64,6.55,7.84,89.29,4.04,6.16,272.96,7.86,81.3,82.97889466108231
23,1.37,8.92,8.81,95.4,2.53,5.75,312.81,7.77,100.0,115.56211342506668
19,7.97,3.1,4.23,79.2,0.1,11.97,220.18,20.9,11.25,22.434494232978444
19,1.64,8.95,7.25,73.84,4.35,4.75,301.65,9.97,100.0,102.38935938125391
21,3.17,6.18,6.54,69.78,0.95,7.22,288.8,7.07,81.16,72.7833767643371
18,5.6,5.28,4.06,77.15,2.94,9.26,257.1,12.9,55.62,47.042559541394716
23,4.68,7.42,4.48,84.48,3.48,10.6,275.16,12.39,71.93,68.95526843082745
19,0.62,6.47,6.16,90.63,4.03,5.24,313.66,4.94,95.92,92.63874987403034
19,3.59,8.21,8.42,99.06,0.59,5.46,276.03,8.37,99.32,99.0102865304971
19,4.01,8.25,4.47,91.57,2.54,6.75,280.31,7.3,75.61,79.7086714801693
17,4.71,3.69,4.59,97.51,3.09,9.98,254.49,15.41,44.94,49.84253726818205
19,7.42,1.01,5.5,74.91,0.93,10.75,236.52,18.15,6.33,15.514403952680894
17,7.57,7.3,5.05,68.21,2.04,10.08,236.69,16.55,51.06587209809374,50.607608710595414
17,6.66,3.31,8.32,71.38,4.81,10.12,244.94,15.81,43.94,43.32438929779586
20,7.77,7.47,7.64,68.06,1.48,9.49,216.52,17.86,54.816654383046135,60.502616386718074
21,2.74,9.05,8.55,88.61,2.08,6.31,300.31,10.78,100.0,106.29733223051414
21,4.49,2.85,8.68,95.41,1.03,7.38,265.74,10.95,71.14,60.35518301792133
19,7.89,4.84,7.97,70.79,0.42,10.56,211.5,16.96,35.37,45.31248920387823
24,0.2,9.7,7.46,84.28,4.28,6.06,326.1,4.42,100.0,118.15764986701899
24,6.64,6.31,5.67,74.53,1.74,11.57,243.81,16.95,57.6,53.450881971590434
22,4.1,8.94,4.55,78.62,2.38,5.28,277.98,10.84,81.37,80.4198793382115
19,7.21,5.59,5.16,70.83,4.12,10.93,234.75,17.22,37.04,42.809180002595134
16,4.1,1.57,4.12,69.43,0.62,7.49,280.58,9.72,32.52,29.740565680581945
24,4.31,5.75,4.96,79.12,1.63,7.59,282.19,8.93,59.54,60.661507136905726
16,6.48,4.89,8.69,76.57,0.35,9.32,227.82,12.59,50.98,57.378457938246434
21,1.54,1.08,6.87,66.37,2.66,5.53,305.64,9.53,56.22,49.76519165050989
22,4.76,3.98,4.23,80.93,4.46,5.86,276.91,10.6,45.666515277131936,44.840904516145415
22,5.18,9.45,7.85,91.9,2.51,7.85,244.58,7.43,105.49581242929956,93.84504871199456
24,6.12,9.57,8.06,65.07,4.32,11.46,244.11,12.59,86.58191783436553,82.65696931719265
22,5.8,1.58,4.18,71.55,0.95,10.24,250.38,13.26,17.69,21.593107194066253
18,7.63,4.51,6.91,84.56,0.07,9.46,219.77,12.4,31.65,44.34105805046277
22,0.2,4.91,5.27,81.91,3.52,4.42,321.54,3.38,79.84,79.1280398558176
24,6.19,2.15,6.43,81.81,3.76,7.74,251.22,11.81,25.4,34.22674938746219
18,2.72,2.0,4.72,81.97,0.36,5.87,281.39,7.25,38.0,45.69670638341988
21,2.62,3.74,5.71,62.65,1.02,5.41,305.46,8.19,49.15,55.26211065111849
22,5.37,1.1,5.23,69.55,0.3,10.45,268.77,14.38,33.429071977320326,24.293737934655336
24,0.71,8.97,5.6,89.58,1.08,4.48,313.99,3.06,99.83,105.55322611662137
22,0.61,3.33,8.49,95.67,0.81,6.03,310.46,2.85,84.91,83.15040464218822
21,6.37,2.11,8.88,65.74,0.32,8.13,240.36,14.51,42.22,38.09665983037898
23,6.57,3.6,8.85,91.69,4.87,10.07,236.47,12.1,55.25,53.1918126775071
19,2.17,6.79,6.92,98.88,4.24,7.76,285.94,6.5,96.01,91.59675300429524
17,2.32,2.21,4.07,79.94,2.56,7.56,298.33,10.32,50.07,46.0824820682363
19,7.27,5.15,6.77,92.01,0.59,10.13,235.2,13.86,63.15608330204601,51.8850843402058
19,0.8,2.15,5.16,98.89,2.15,4.67,300.24,6.34,59.67,63.33829940519902
22,7.73,7.92,5.67,67.22,4.72,12.89,218.22,16.4,50.870184080058834,55.45182370883434
17,0.62,3.77,7.99,77.42,3.85,5.25,304.12,4.42,73.2,78.76626913825831
16,7.08,5.2,4.29,63.79,3.07,10.87,234.64,17.62,31.36,35.90511008580927
23,4.47,5.1,7.26,65.85,3.62,9.28,261.68,11.74,64.26,60.65027364238584
24,2.95,7.93,4.36,86.8,1.36,7.62,277.97,7.11,87.19,81.67851378926383
19,5.01,7.8,6.81,81.63,3.95,6.2,243.16,8.54,80.05123959769705,77.57844669751941
16,7.16,1.48,7.37,65.13,0.81,12.31,224.24,14.54,16.8,23.95396221799671
23,0.7,2.95,5.96,90.94,3.99,5.56,329.35,5.36,65.70683801641411,69.23487225089892
20,7.07,6.45,6.23,78.68,1.73,8.76,240.35,14.36,51.46,55.275880401179734
17,1.78,2.84,6.97,99.2,1.62,3.54,289.88,1.41,80.76,69.08598205231762
17,7.93,8.59,6.13,73.18,0.29,12.18,236.71,15.56,70.40679776613048,62.25968330768001
22,6.96,5.97,8.87,84.01,2.51,10.0,245.65,14.94,72.06506070510335,64.19554811720259
19,0.95,3.01,4.19,65.48,2.87,5.99,306.18,3.45,51.77,54.41577064029758
24,5.74,1.07,6.68,99.76,4.75,8.39,257.59,10.45,42.63,35.74008092913921
22,7.96,9.56,5.65,71.06,3.07,12.54,229.69,21.17,72.61412780765886,65.93275166199388
24,3.65,5.88,5.7,78.89,0.01,7.79,281.13,9.42,69.77,67.93442301530587
22,6.08,6.39,8.48,93.75,4.17,9.52,247.66,10.77,63.2,72.5808282315686
24,3.1,2.39,5.58,70.58,1.72,5.61,283.61,9.22,52.2,46.0148446767363
23,2.21,7.24,8.81,96.39,1.08,5.97,278.38,4.85,96.28,100.77477342590527
23,1.45,4.62,4.04,82.7,3.12,6.02,297.72,7.59,67.2,66.45964037180204
17,3.16,6.99,4.57,64.57,3.13,5.95,268.8,6.35,70.61,69.04045158306249
20,1.2,1.28,8.56,84.51,4.74,4.99,306.7,5.25,74.27,64.03487548711405
21,7.97,2.12,6.41,79.68,3.24,11.57,222.91,18.54,12.87,24.19660208621012
22,7.47,5.69,7.55,99.73,0.29,12.8,220.84,17.52,59.82748611356174,59.560235557214746
17,1.95,9.71,8.38,60.57,0.41,5.47,289.66,3.64,100.0,105.87671703631707
19,5.86,2.8,4.54,99.5,1.93,9.83,279.19,15.57,36.52,38.29158085295661
18,5.78,5.43,6.86,72.66,4.7,9.63,241.41,13.48,54.46479994623444,56.23939421926851
16,0.91,3.43,7.02,98.69,2.95,5.96,316.41,4.05,74.21,77.45258047183131
21,1.61,1.21,8.56,72.24,1.09,4.72,292.57,3.38,54.77,58.05373976064433
22,6.74,3.31,7.39,81.67,4.38,8.82,239.33,14.78,35.01,42.31671612885112
21,2.79,8.77,7.18,89.44,3.87,8.64,280.98,6.5,100.0,98.98016123191874
22,3.78,8.27,4.77,74.63,3.81,8.46,271.54,8.55,77.78,77.31202672905121
21,7.07,9.91,8.3,95.04,1.64,11.41,249.99,16.3,85.4718747079851,89.54645060207989
23,0.36,3.08,5.08,94.29,2.4,5.82,315.02,7.18,68.37,69.85215691002205
18,7.81,8.6,7.45,85.86,0.07,13.66,218.04,20.09,79.98482054205815,71.92068017221544
19,2.37,6.95,4.47,77.0,0.87,4.12,271.96,4.7,77.13,76.34280474188873
22,4.0,6.44,4.4,89.09,1.45,6.76,277.1,11.54,67.45,67.70589925219474
21,6.14,2.87,6.53,82.79,3.08,8.73,274.55,14.92,36.93,39.81890760384956
22,2.93,5.6,8.91,90.47,1.66,8.44,287.18,6.23,81.93,85.12989178456297
24,0.78,6.69,7.08,68.17,4.21,5.45,304.56,4.89,90.79,90.14798420523985
23,0.13,3.17,7.89,66.63,2.75,6.05,328.78,3.7,74.66,73.98555511762743
17,1.88,6.94,6.71,78.27,3.3,4.29,289.44,5.94,85.8,87.56819726076844
23,0.4,2.2,4.11,78.2,3.48,3.54,322.48,2.19,54.83,55.46528655184611
20,5.98,2.87,6.78,83.28,0.8,10.71,244.01,13.97,39.74,41.98372971394725
20,5.77,8.4,7.68,82.03,4.51,9.7,257.95,14.26,87.93724714382297,80.73577440044164
23,5.59,7.45,8.5,76.29,2.53,7.1,247.8,11.7,80.40250608471575,77.24031148198387
21,0.03,7.44,8.74,65.73,2.99,1.48,313.34,2.83,100.0,104.56727342153982
18,2.17,1.23,4.11,80.4,4.77,4.72,306.69,7.81,40.02,40.72009572293784
20,1.49,4.55,8.31,63.2,0.15,5.44,303.93,5.01,87.45,76.33219668401082
16,5.31,7.36,5.39,62.88,2.55,10.5,264.29,13.04,72.22662993307875,62.63012851206152
18,7.42,6.43,8.24,84.39,4.77,12.89,227.32,16.96,67.30146806350834,62.35887804393585
19,7.04,7.92,7.18,62.42,0.77,11.96,234.51,14.83,62.51605247006818,63.66146742884647
24,4.0,2.28,7.97,71.12,0.66,5.48,287.22,10.28,40.34,49.6901666807989
18,3.71,9.35,7.45,85.71,2.06,8.49,263.26,10.33,99.38,98.08104862290745
23,2.26,1.25,6.84,60.73,3.37,6.85,300.87,5.96,37.57,44.87297201932331
21,3.34,4.53,4.43,63.71,3.17,5.08,300.14,8.04,59.95,51.69358937391332
22,1.79,8.36,6.38,88.61,0.75,5.89,293.26,5.44,99.93,98.7495993405912
18,6.3,6.76,8.14,67.24,1.8,11.12,241.35,13.28,61.23,65.19759293242157
21,3.19,6.95,5.02,61.96,2.93,8.02,271.49,10.62,64.3,69.730168722346
24,5.32,1.8,6.31,97.07,4.69,9.55,255.74,15.77,41.79,40.78441552592099
21,0.21,3.32,8.67,60.9,3.76,3.57,326.24,2.63,80.58,75.76289465315972
16,5.81,3.91,7.88,93.44,2.8,8.57,248.22,8.92,62.88,56.143002320036025
21,1.6,6.47,6.44,93.65,0.67,3.04,313.72,3.58,93.39,89.41388060338124
24,4.33,9.52,5.06,95.25,4.67,8.48,259.57,4.58,93.93,88.92549292567818
24,4.0,7.11,8.81,82.46,3.62,6.04,287.89,8.57,88.55,86.21481063326866
21,0.38,6.65,4.61,69.0,3.23,5.43,324.24,4.71,80.43,83.00832879084118
16,4.6,7.9,7.62,79.48,2.73,10.35,269.71,12.33,83.54,82.95969902387674
20,7.19,7.53,8.72,91.19,3.2,11.52,237.7,19.42,78.11775480039478,74.52910595681138
22,4.63,5.5,7.56,76.97,4.51,6.2,280.24,11.11,66.84054471557441,66.5204725820544
21,7.22,5.53,5.06,94.19,3.4,9.37,207.64,18.07,41.9,48.969865867067654
17,3.53,9.45,5.17,62.11,3.44,5.81,278.41,8.37,86.86,84.14743602873904
24,0.42,3.53,7.14,73.18,0.67,5.02,329.02,2.62,65.44,73.8278354560444
19,7.28,1.6,4.05,65.76,2.28,9.97,228.74,15.51,6.86,11.725979108503047
16,7.32,5.47,4.32,76.35,0.35,12.45,236.39,20.45,45.42,40.32360501322284
24,4.69,3.54,6.04,79.11,0.65,9.68,263.49,11.0,52.1,48.95394603480108
23,5.73,9.54,6.1,97.47,2.13,11.22,256.62,14.34,85.6199900584634,86.71902706169973
19,6.81,5.52,5.58,75.18,0.85,11.89,233.71,16.88,47.759651317438845,47.552698547440826
16,7.92,4.14,6.9,68.59,3.63,9.11,239.15,15.38,30.86,35.687934777688824
17,0.33,6.2,5.12,75.31,4.11,5.1,319.67,1.08,73.76,83.95790528412479
21,3.46,2.73,4.06,85.45,4.86,6.17,275.01,4.84,44.89,44.30948962877406
19,7.53,8.65,5.3,87.0,1.74,12.18,223.03,17.41,70.16128773159791,65.72192290799778
24,4.64,5.34,7.72,94.92,1.38,8.89,246.18,13.27,71.16,71.63490203676491
23,3.91,5.45,5.23,86.88,1.22,9.36,283.93,12.34,66.4,64.37956094080134
23,7.17,9.08,4.34,81.54,1.67,9.85,252.1,13.64,66.80050017443472,64.85123817268263
23,0.6,2.41,7.5,95.63,0.69,5.09,307.67,4.28,70.48,73.80222785695227
21,2.88,4.38,8.48,62.56,2.07,6.2,282.46,8.28,75.28501012797848,68.30534417531479
22,1.54,3.6,8.75,77.66,0.65,5.84,308.79,1.95,77.12,75.57608893788478
18,4.51,8.15,8.85,82.7,3.9,8.44,268.76,13.63,97.68,90.6167830461685
21,5.76,8.94,4.99,99.89,0.91,11.61,244.91,15.04,86.58503219895216,79.4959983023088
20,5.0,3.75,7.31,75.06,4.34,8.82,268.86,11.21,55.77,52.0068358259726
18,2.35,1.26,8.95,69.58,0.97,3.68,269.59,0.95,46.24,55.0899682131336
24,2.6,1.71,6.48,86.88,3.28,6.08,303.63,6.13,47.64,52.07562564421586
24,7.8,6.4,7.76,98.18,1.17,8.93,247.89,17.1,55.52,62.44861253674183
17,7.18,1.2,5.63,71.69,0.1,8.88,234.49,15.0,11.28,17.53433085522227
22,0.73,6.94,4.75,98.6,2.26,5.62,307.06,3.97,83.36,92.03467396764012
22,0.47,3.56,8.96,69.98,2.05,1.65,317.15,3.58,77.03,79.829725994563
18,3.41,1.39,8.8,64.11,1.47,6.5,270.73,7.75,45.46,48.3129452920494
18,1.63,5.25,5.58,99.76,1.38,5.01,291.59,7.22,79.44,80.35140270035052
16,6.87,6.42,6.99,64.37,1.63,10.02,247.16,18.28,60.59,55.16090760821053
24,6.12,2.85,6.09,98.13,4.05,10.28,255.8,14.05,31.62,42.43765203058963
17,3.68,6.83,8.33,80.0,4.75,6.96,270.89,9.83,81.7,83.82817996319241
22,1.92,1.04,5.29,82.51,3.78,3.24,294.88,7.41,53.47,46.0318639908726
23,5.49,1.41,4.02,80.07,1.64,6.73,246.94,10.01,23.87754323271928,23.909195512392607
21,0.36,1.17,4.31,86.02,3.33,1.86,319.28,1.59,27.32,52.24674381337534
17,4.06,6.51,4.7,96.96,2.66,9.42,264.45,10.21,71.49,71.0785788848138
20,0.72,7.96,4.5,99.1,3.23,5.45,309.31,2.26,95.14,97.56305730829393
18,5.74,6.81,6.85,99.43,0.27,10.24,239.5,15.57,70.56,73.22340301290166
24,7.64,9.7,8.91,90.13,0.85,11.12,225.21,16.48,91.92017996885592,86.1811793395317
23,4.3,1.35,8.25,65.02,0.72,5.33,280.98,9.46,35.15,41.49220752051219
17,0.3,6.15,4.09,81.96,1.53,4.7,332.75,-0.15,73.15,81.88066478014989
23,0.65,2.87,4.03,89.84,1.51,5.39,313.79,3.72,59.56,61.58702158537509
20,2.32,2.01,8.99,68.51,0.8,4.85,282.52,2.29,61.29,59.793461670820825
19,0.67,9.42,6.23,72.96,4.74,5.11,316.19,7.93,100.0,106.29810138684144
16,0.47,1.17,7.44,72.39,4.99,5.83,306.91,1.88,65.43,59.4177326391195
17,1.18,1.68,5.94,92.85,2.29,6.05,301.78,5.21,62.02,59.399140639593554
22,3.29,2.1,6.27,95.89,4.84,8.73,265.24,10.46,56.65,52.88647343541183
24,4.31,4.45,7.29,77.64,3.82,6.09,262.78,5.97,60.27,60.61365900489048
23,6.16,4.99,8.34,91.82,3.4,8.9,231.5,14.93,66.48,62.65306782638002
16,5.15,2.92,8.96,67.09,3.15,9.27,244.5,13.57,48.53,50.27621966471845
22,4.26,2.6,4.63,80.76,1.2,6.22,274.49,10.55,45.93,40.54303133978102
16,4.44,9.52,5.23,75.84,4.56,6.5,267.49,8.13,82.05,83.75055691489092
22,0.1,6.6,7.72,75.88,1.67,4.44,305.38,2.06,100.0,97.94458216452907
21,2.57,8.05,5.01,78.77,0.53,6.99,287.81,7.15,80.39,84.70888017307078
21,0.5,7.06,6.99,73.27,3.46,4.67,306.48,1.71,92.43,95.02597520680453
22,0.5,9.28,6.95,85.97,1.08,4.78,308.55,1.81,100.0,112.65695586189457
24,3.43,4.57,6.04,89.9,4.26,8.26,265.81,9.83,71.76,65.10464975994576
22,1.13,6.22,6.33,79.43,4.22,3.23,281.19,4.65,90.11,85.88801376537373
18,1.95,6.52,6.43,72.84,3.34,3.13,315.93,5.7,94.47,81.79331312641617
20,2.62,2.13,8.89,96.38,0.26,6.68,271.86,7.52,70.98,66.8982532935178
20,3.99,5.78,5.31,85.81,1.29,8.77,277.21,10.53,76.32829636292986,65.98823091997187
22,5.16,6.16,8.45,76.35,3.96,7.05,259.21,11.3,76.73,71.10345410153828
17,7.71,5.87,8.98,95.54,1.77,11.69,225.18,16.11,54.9,63.44198681694746
23,3.21,7.58,8.22,75.48,4.29,6.57,273.69,8.27,87.4,89.26630884734675
18,1.47,8.07,8.82,98.07,3.54,6.37,294.7,4.0,100.0,110.28731488637709
20,2.99,3.32,7.69,91.43,0.35,6.12,277.69,7.77,68.8,66.45149908553415
17,3.31,7.65,5.79,76.69,4.1,4.58,283.45,8.26,92.64,80.46338014786016
17,3.44,6.3,4.7,65.06,4.81,4.99,271.47,7.92,57.04,63.79379745193224
20,6.15,3.03,6.71,90.39,0.73,9.48,234.67,14.87,48.65,43.99211653448995
16,5.43,8.05,5.77,90.96,2.7,7.91,250.35,9.64,91.58278429455189,75.73051559171623
19,5.76,9.26,5.13,61.38,2.37,9.81,256.21,16.51,82.78096588980691,71.01637653165142
19,4.76,7.07,4.13,67.47,0.93,9.01,259.53,13.13,57.59,60.52829869060517
19,3.64,3.61,6.46,86.13,0.97,8.33,275.47,9.8,67.62,58.638675139892996
19,1.15,9.83,8.4,97.04,0.14,5.58,303.95,4.87,100.0,121.50631443377853
22,0.12,6.88,5.78,79.52,2.87,4.03,335.57,5.49,87.82,93.33332898143826
20,1.71,4.28,6.99,62.49,3.38,3.69,298.23,6.44,71.47,68.21673711831696
22,5.81,1.23,5.12,84.31,4.82,7.67,240.63,9.11,14.33,26.12165870597806
23,3.43,1.73,4.52,71.43,1.33,4.95,287.23,12.32,43.17,36.55202537140527
19,1.01,5.78,4.58,74.01,3.55,2.7,287.46,3.07,80.85,75.59649646622893
19,2.02,9.58,4.76,99.82,0.85,3.53,293.23,7.2,98.7,102.52320732212422
16,5.89,1.18,8.67,96.94,1.04,9.93,251.4,10.94,45.0,42.66056376790182
24,4.39,9.24,6.16,98.82,1.15,8.59,257.23,11.48,97.3,92.68729783739326
17,1.72,1.24,5.12,61.6,4.08,5.34,295.1,5.88,42.63,41.62428390259107
22,6.79,7.8,5.78,68.85,4.61,9.77,242.8,15.13,64.9179606049263,60.583809650395835
20,5.87,8.94,5.17,66.01,1.0,10.0,256.09,15.3,69.75940981502661,69.87821541288801
22,6.1,1.01,4.21,61.7,2.91,7.96,244.51,13.43,14.37,13.633941598856595
20,3.75,4.45,7.96,71.16,0.49,5.53,285.7,7.68,70.73989121887698,64.60578092626508
22,3.64,7.32,5.32,96.35,4.69,7.38,283.09,6.84,73.05,80.1768939663298
23,4.79,6.68,4.38,60.96,1.69,6.27,287.48,10.44,55.571482008003045,56.64390113133883
20,6.76,3.38,6.73,94.89,4.03,9.5,231.13,17.29,33.81,44.1860511999051
21,6.42,9.19,6.31,79.92,3.13,11.45,256.83,17.02,78.94627919249139,76.63371420037188
17,4.42,6.55,7.61,96.37,3.01,6.69,277.63,10.29,79.76,80.13951164787468
22,1.17,6.55,8.04,75.26,4.55,5.23,321.97,1.93,92.93,92.50720214405686
23,2.47,6.17,4.87,86.2,4.31,8.09,280.32,6.15,68.5,74.65872409358468
17,0.36,2.59,6.64,79.79,2.89,3.74,324.92,2.99,76.57919347699168,68.25418738111172
24,6.6,8.83,7.62,92.75,4.99,11.34,246.37,11.57,88.38932573583665,81.53447989237966
16,5.85,1.65,7.23,93.92,0.03,9.53,258.6,12.03,41.17,39.67442399293343
22,1.86,9.38,4.95,86.05,4.73,5.95,312.43,9.84,100.0,98.58671970107798
18,4.72,6.11,8.23,65.28,1.28,9.65,284.66,14.26,73.22,69.38756563407213
19,7.95,7.9,8.65,75.88,4.6,13.95,204.75,18.32,60.13851854568536,68.02146642275775
16,7.21,1.58,6.26,66.16,2.41,9.89,238.46,14.98,24.28,20.34830762480605
16,5.29,1.93,5.68,99.63,3.32,7.29,250.73,11.96,46.66,40.17450417979325
23,5.07,7.37,4.51,93.12,3.61,7.88,254.06,12.24,75.1809678456687,69.28552066677203
22,5.72,9.58,8.27,68.81,0.74,9.04,254.27,14.03,83.81397563905692,87.1433634324313
21,0.66,5.14,5.06,98.16,0.88,4.42,297.01,7.1,67.09,82.5056731054207
18,1.28,9.19,7.33,63.37,0.14,3.91,300.36,5.19,100.0,103.19589409734132
17,5.94,1.18,7.05,64.62,1.47,11.54,264.21,17.7,28.512611886234836,27.306169554988923
17,1.9,7.92,8.45,68.47,0.28,6.49,308.31,7.42,100.0,97.50746466472737
17,3.59,5.48,5.57,62.35,3.07,8.34,278.35,10.8,59.24,60.46571353085788
24,5.8,8.95,8.95,82.04,0.14,7.72,249.08,11.53,83.87262701516076,89.01176395163043
23,4.6,5.18,7.62,92.42,2.25,6.36,259.21,9.09,78.64,69.44415838131046
24,2.49,4.96,6.74,77.6,1.98,7.78,301.27,9.67,79.89916324211427,71.7603224535621
24,3.33,9.94,5.19,65.96,1.28,6.16,263.36,7.24,80.41,89.57115164626865
18,4.03,1.3,8.45,95.31,2.42,5.29,280.69,7.44,43.74,51.89159059813112
21,1.93,3.56,5.35,77.65,3.55,7.04,299.26,4.29,62.49,60.38553738961268
24,3.91,9.58,7.89,68.53,4.29,5.04,270.08,7.68,91.27,94.85098110384436
20,1.21,1.29,4.67,98.57,1.63,2.81,302.86,3.96,58.07,53.66615780355778
20,6.15,3.97,4.56,92.18,2.61,7.2,236.51,13.37,42.62,42.18094853263221
23,0.23,3.38,7.15,76.6,3.71,5.59,330.57,5.59,67.82,74.89747640386915
20,2.27,1.49,4.08,62.89,1.46,4.74,300.44,6.47,32.72,36.83981466602082
17,7.66,5.58,5.4,69.17,0.82,11.75,232.76,21.58,33.18,41.23957514339437
21,5.49,7.73,7.34,70.59,4.98,11.22,263.43,12.9,78.59394826200412,73.27128848299816
23,0.39,9.4,7.29,82.72,4.68,4.19,333.05,0.2,100.0,113.88074460214722
22,2.55,1.05,8.06,73.09,2.07,7.41,295.46,6.79,56.41,50.3294569383184
20,5.02,9.87,5.19,73.76,0.18,7.19,266.33,11.88,85.19470312082487,82.53564944428047
24,0.55,5.74,6.19,79.36,3.68,3.75,300.57,1.08,94.55555376902991,85.13800436715835
18,7.82,6.93,5.62,71.06,3.97,9.45,225.51,17.62,34.92,49.87641696986891
17,4.02,6.02,6.1,84.11,4.6,8.36,284.55,7.99,76.62,69.43748569812476
19,2.54,3.95,7.32,71.8,3.18,5.48,286.63,7.19,64.97,65.60674962340555
23,5.39,6.56,6.0,61.21,1.37,11.16,252.9,11.6,59.6,58.915964748293895
17,5.14,7.64,7.41,72.19,1.66,10.0,245.41,12.94,82.55311514715149,75.74638900443821
16,6.05,4.42,6.99,83.96,4.3,10.87,259.36,15.73,50.97,52.187147964979005
23,6.86,2.32,5.1,62.88,2.94,11.18,240.13,17.72,21.55,21.624526571951037
19,1.07,2.5,5.73,76.71,3.25,6.76,304.45,5.09,68.28,59.61951122638212
22,0.42,7.44,5.42,69.41,4.2,3.12,306.22,2.29,78.15,90.87083598396222
23,3.74,2.32,8.49,69.22,4.18,9.51,268.71,8.36,54.67,52.38788751893262
22,6.5,2.34,7.07,71.11,1.85,11.14,235.52,14.5,37.87,33.38496840134228
19,3.16,9.74,6.28,60.61,0.71,6.32,289.74,8.33,86.17,91.82137328483694
21,4.02,7.81,8.05,77.13,4.35,9.64,272.05,14.47,79.54,86.46843932793846
16,0.36,3.32,7.24,68.81,4.4,2.05,311.74,-1.4,61.25,71.7174807266217
22,7.34,2.02,8.27,88.98,3.82,11.49,231.21,17.9,31.7,36.51974657230598
20,4.24,4.75,6.52,75.31,3.43,5.73,278.21,8.4,64.77,59.47941057294211
24,3.21,6.41,5.84,94.23,4.7,4.83,279.83,8.49,88.83,78.30660563900926
24,7.69,9.69,5.91,68.38,2.63,12.85,231.63,15.55,80.52919159668373,68.06069829293807
22,3.35,9.03,4.89,80.01,2.14,6.34,273.87,9.32,88.37,86.65600448847181
18,5.34,2.98,8.77,69.64,4.53,8.36,252.7,10.84,43.01,49.32681518272615
19,7.31,5.33,7.54,66.12,4.01,10.73,239.34,16.35,40.55,48.15961536248181
21,2.14,9.38,6.82,69.24,4.98,6.77,302.53,6.33,94.88,99.07656419761602
20,7.49,3.25,5.71,64.15,0.43,8.57,233.99,13.19,8.97,26.751242682380177
19,4.66,9.62,8.55,80.95,0.28,7.46,271.9,10.44,91.3,97.48898818204566
24,3.49,3.67,4.57,80.33,0.27,7.73,277.32,7.93,46.58,50.94412442476556
18,7.66,3.62,7.13,85.71,0.62,11.99,230.98,14.83,39.25,39.70059645835569
21,0.0,8.34,7.13,88.17,4.31,4.29,320.17,2.57,106.75471100090724,110.54731663893838
20,7.82,7.24,5.96,93.14,1.47,9.76,226.58,15.58,56.22092494588872,59.44100196678986
17,4.53,5.45,7.24,88.15,0.71,6.71,257.86,7.34,66.69,68.936817282666
24,6.72,3.37,6.97,87.83,4.41,9.66,250.44,14.67,49.55180566271498,42.87080398626121
18,3.8,6.26,8.25,75.9,3.16,7.18,270.4,7.5,76.8,78.05165373529113
24,5.1,5.39,8.59,92.44,3.63,8.84,259.55,11.55,70.79,71.67004188642487
18,6.73,7.5,7.86,99.88,0.88,8.26,236.85,13.48,75.9995902669371,76.01166813989764
17,6.98,5.39,7.57,76.75,2.93,8.2,249.62,16.21,49.68,53.60550359612369
16,6.2,4.01,8.8,93.41,3.81,7.45,257.69,13.66,60.02,58.317269814252235
18,7.51,2.41,5.3,81.83,2.34,9.35,218.46,16.79,14.52,25.05003606539824
18,7.6,4.85,8.56,62.48,3.47,13.4,228.32,21.76,49.9,46.71827884143239
19,2.15,4.56,6.73,63.7,1.86,6.82,282.04,3.66,75.09,66.88601000176978
19,1.67,8.23,5.07,78.6,1.69,7.28,302.28,8.23,94.27,90.84428244983675
22,6.59,3.78,5.76,99.08,1.47,7.61,240.79,11.87,37.67,45.00180648841376
16,7.46,4.51,5.11,82.37,2.58,12.61,235.37,17.91,30.07,37.88783377560087
24,5.14,5.19,5.34,70.99,3.49,6.22,265.5,10.81,47.83,51.835470491511
17,3.87,7.74,4.89,86.16,3.93,6.96,265.46,10.97,78.19,77.51919853059769
22,0.72,2.98,8.45,87.79,1.52,5.63,330.53,2.65,74.95,77.77833494798247
18,2.16,6.69,4.1,78.29,3.26,5.38,288.97,5.71,81.23,74.6035203451832
20,1.61,9.17,8.51,98.86,0.64,4.82,294.68,4.11,100.0,115.7549625847268
22,6.47,5.05,4.89,87.41,3.53,9.13,233.13,12.39,40.93,46.93091340682673
21,4.62,5.9,8.78,97.18,3.4,8.76,254.19,11.18,79.07,79.63000255030917
20,2.53,5.19,6.3,65.41,1.39,4.67,287.63,10.42,67.43,68.15136759437503
23,3.85,4.17,8.31,86.17,4.7,8.11,283.76,8.51,73.4,67.56833523728767
20,1.93,4.14,5.7,88.79,3.31,3.4,314.62,5.74,72.08,68.70143613658541
21,0.72,6.06,8.93,81.87,1.12,4.45,311.22,1.16,109.69165574415564,97.39187317893564
20,0.53,8.8,4.25,77.11,2.62,5.64,315.08,5.79,99.2,96.88321453672319
19,3.66,9.84,7.34,66.13,0.47,9.53,270.06,6.94,83.7,95.23236563082463
24,2.87,2.02,5.47,64.04,0.62,4.96,274.06,0.87,37.3,42.2622709371392
23,4.71,1.91,6.08,96.36,2.29,9.71,239.9,12.77,35.62,43.79824568720199
20,1.69,3.06,5.48,84.44,1.02,6.88,309.64,4.25,66.67,61.10785970640733
23,4.93,7.36,7.36,78.76,4.05,9.33,256.59,11.27,73.45,76.43635988551415
22,6.5,6.57,8.02,79.08,3.74,8.24,231.79,12.92,59.63,65.78894421312353
22,0.87,9.99,7.96,93.35,0.01,5.63,322.2,5.56,100.0,121.24528713977932
21,1.62,9.56,6.53,93.93,0.29,6.61,293.28,7.83,100.0,109.50292365006766
16,7.1,9.23,5.05,61.08,1.96,9.64,235.18,16.94,66.78744740347648,63.35568871642272
20,7.55,3.02,7.5,76.33,4.32,9.78,242.9,13.99,30.72,34.89029432946099
20,7.33,4.13,8.85,83.85,0.77,10.29,225.64,18.23,47.76,50.912747081469206
19,3.43,9.33,4.47,94.13,4.25,8.94,281.79,11.6,92.4,90.48811003151852
19,5.36,7.43,4.04,95.55,2.9,6.53,252.33,13.5,78.06807296965033,67.24161637666002
20,6.47,7.84,6.11,78.38,3.88,10.23,262.75,12.96,71.52674068711406,66.36292184510427
23,4.94,3.52,6.53,87.72,2.66,6.49,288.06,11.01,57.04,51.61529622982471
21,5.66,7.64,8.42,64.86,0.44,8.69,247.39,14.87,80.71091769299122,74.80502103319083
23,6.39,5.43,6.12,68.38,2.68,8.91,218.62,12.01,37.34,49.043801418040154
18,4.81,3.14,4.39,82.89,2.82,9.16,285.65,12.41,37.92,40.56201611707211
17,4.02,4.15,5.49,82.36,3.86,5.87,275.82,9.35,58.43,55.11494216912665
19,2.38,5.88,4.5,80.16,2.7,6.42,297.32,7.75,76.14,70.4188521636649
23,4.48,1.21,4.16,63.52,4.99,10.3,276.61,12.1,31.1,23.559641848689715
23,7.28,1.95,5.83,76.92,3.98,12.13,247.77,17.1,25.03,23.590500439814
16,6.41,8.82,7.86,65.38,4.34,7.47,236.23,14.39,79.15443551761663,76.05967167346205
21,4.15,7.6,4.61,97.64,1.9,8.66,275.91,8.91,88.04847696105895,77.20236425261035
24,5.02,6.93,5.28,73.31,2.67,10.65,257.77,14.52,58.14,64.09607894692454
23,1.1,7.93,7.97,86.71,2.81,5.02,295.78,6.2,100.0,105.13656997855401
24,0.62,9.11,6.13,97.7,3.35,4.28,317.78,2.93,100.0,111.06502970272433
24,6.24,2.61,4.89,80.58,0.59,11.81,239.37,14.68,33.05,31.05225467514444
20,7.92,8.52,7.76,95.62,1.96,13.86,224.7,17.17,75.66088797658698,74.39639738398822
23,5.34,8.88,7.79,90.71,0.01,9.66,250.58,14.27,111.02209619766047,89.32352226909211
16,6.86,7.3,4.02,78.38,4.86,10.48,220.71,13.69,62.10294799589512,53.22033584535072
18,4.01,9.77,8.77,87.38,0.05,8.62,276.27,12.52,100.0,104.74346882121108
24,4.12,5.28,8.07,86.8,3.47,8.95,266.02,8.82,72.58,72.53848189586728
21,0.84,6.78,7.51,95.17,0.66,6.14,302.19,6.12,97.93,100.09366868713465
18,4.28,8.55,6.22,68.01,1.44,8.13,258.61,12.36,81.90306830552028,80.44622829491729
23,1.49,4.3,5.79,62.0,4.09,2.99,295.03,1.65,63.15,64.53661134159475
22,1.73,8.07,5.75,75.0,4.46,4.08,301.5,5.85,87.05,90.7588915201251
20,7.38,4.1,7.05,95.85,3.98,12.6,239.13,23.01,36.68,47.057518325803564
16,5.8,2.9,7.2,79.76,1.73,10.97,255.2,14.85,38.82,43.692996404461326
24,5.65,8.38,7.67,90.35,0.01,11.34,260.35,15.81,78.80303640110871,83.91054737245011
19,5.21,8.7,7.62,97.06,4.78,9.6,258.97,10.48,104.5385811333567,89.50588400731925
21,2.33,1.11,8.41,81.46,4.1,5.19,296.04,7.7,49.18,55.614210119852046
16,6.71,7.34,5.34,84.62,0.13,8.41,236.78,14.69,67.12487779278962,61.411206476260254
22,5.15,2.73,7.63,73.23,1.66,9.48,255.95,14.12,49.87937047491855,45.836428764686325
19,2.4,2.72,5.07,79.06,4.48,3.81,280.43,6.11,49.07,52.158983142497696
22,3.09,4.07,5.58,85.18,0.2,7.26,271.97,9.13,65.01,60.97967972302419
17,3.12,2.45,7.61,80.09,4.62,7.0,282.53,11.58,56.4,56.63591554253438
16,6.31,3.49,6.07,79.59,2.64,10.65,245.56,12.36,41.92,40.17838155344487
24,4.28,5.24,7.39,92.17,4.91,9.75,275.78,10.64,75.71,70.33498256216956
19,5.34,3.08,7.94,75.95,1.17,10.46,262.02,12.09,53.58,48.83008375642782
23,5.91,9.62,8.46,80.88,4.61,11.15,258.57,17.06,99.59929798789648,90.35762710377108
19,7.32,5.13,5.2,66.64,1.04,10.12,240.69,12.38,27.27,38.1585129101597
21,6.57,2.07,7.5,83.77,2.15,10.27,240.98,16.05,39.96,36.633191592363175
22,5.79,9.93,4.49,70.91,4.95,8.0,252.27,12.72,84.02644811541781,75.02261722702119
16,2.41,9.41,6.42,96.05,1.87,5.7,302.34,7.01,100.0,104.32561805376116
21,2.62,7.79,4.95,96.58,3.56,4.84,297.12,3.25,90.95,87.23170034250475
19,5.99,9.44,6.04,76.51,0.07,8.43,272.07,14.11,81.56577854612104,78.62037012167022
24,7.11,7.17,8.9,91.31,1.69,11.86,232.57,17.28,79.14089727608169,73.34525178460271
20,2.01,6.7,6.66,76.16,0.97,7.14,282.64,8.8,93.15,84.81247650752277
22,2.31,1.79,4.05,94.79,4.46,8.05,285.55,6.47,42.09,47.28643862736867
19,2.48,8.19,6.85,81.4,3.48,7.96,285.28,5.15,84.96,93.42844066836358
17,0.52,9.53,5.16,62.86,3.3,1.94,287.0,2.04,98.38,100.89480127574214
19,4.57,9.66,5.72,78.1,1.76,10.23,270.5,12.17,91.02,86.70101088715657
21,4.18,6.7,5.87,66.54,2.76,5.65,271.13,8.77,55.39,67.24279993792437
19,3.75,2.35,8.3,90.29,0.53,8.08,279.88,9.02,62.48533170339324,58.171775549517825
24,5.23,5.37,8.11,78.91,0.54,10.98,274.53,11.19,63.42,65.19885081285479
21,3.25,9.23,5.59,75.31,2.58,4.78,291.28,9.88,92.76,89.71817425407787
22,3.19,9.94,7.1,67.4,3.77,6.93,269.24,8.49,100.0,97.80255556880931
22,2.31,4.36,6.48,66.31,2.81,6.08,297.08,6.75,65.61,64.59949174942807
21,7.45,1.86,7.52,92.36,0.9,12.83,243.06,17.52,28.64,33.14488747754025
20,2.55,9.97,5.14,74.59,0.58,3.73,299.32,7.57,94.47,96.28847706651467
22,6.23,7.28,4.5,90.44,4.33,8.64,263.07,13.08,62.61444692572346,61.54051589126771
16,5.5,9.82,8.71,67.59,3.39,9.94,257.26,14.96,97.2691821766491,91.05990880256508
21,6.68,9.89,4.47,92.84,2.08,8.25,246.42,15.23,76.80640137935809,76.52898767609969
21,4.28,4.98,5.59,94.7,1.1,7.86,274.32,8.36,67.38,62.87283940944812
22,2.05,7.52,6.46,81.33,1.66,5.48,300.64,8.03,90.33,90.32780734212895
18,6.2,7.28,4.65,84.57,0.47,7.57,245.78,10.74,70.4671950772809,60.87864934456223
24,4.54,1.84,6.15,72.33,2.95,8.73,268.07,11.95,39.24,37.42861122344857
24,7.61,9.11,5.09,84.91,0.01,9.03,238.11,15.86,76.51838975758899,66.77778793944267
22,2.32,9.62,8.49,71.09,3.04,7.88,286.76,7.32,100.0,106.65729468533166
20,5.23,9.97,7.95,85.34,3.4,6.49,263.12,10.99,112.16977415221528,95.47835667090968
16,2.08,6.16,8.51,96.65,0.07,5.77,295.22,2.3,104.76175580416384,93.5236591106806
21,5.24,1.32,5.83,75.66,0.87,9.27,250.57,11.41,26.92,30.313200830379227
17,6.54,7.39,4.56,82.47,1.61,8.27,239.96,12.39,56.430508115711554,58.82846658064712
23,5.65,1.49,8.53,60.68,0.24,7.6,261.42,15.52,31.58,35.29041856209377
21,5.39,7.42,5.97,81.88,0.36,7.66,259.21,12.12,92.82209158159708,70.34928662792974
24,2.81,9.36,8.73,96.56,2.64,5.2,299.87,7.16,100.0,110.55763307924971
21,0.9,7.53,7.02,65.05,2.84,3.19,298.59,4.13,90.63,93.85561624754675
21,2.38,6.33,8.8,87.01,2.44,6.34,294.31,10.58,89.67,91.58320668945245
24,4.4,2.62,5.37,87.35,1.42,7.04,269.61,12.56,57.99048686466973,44.66853404076018
23,6.49,7.21,6.95,99.48,1.88,8.77,240.22,14.58,76.48063962776587,71.86137147786147
19,7.79,7.52,8.01,99.62,3.12,9.52,222.16,12.75,82.05433389969585,70.68316410697807
24,3.58,1.93,7.02,91.67,1.59,4.78,275.96,8.5,53.66,51.98985854582338
20,1.1,5.94,6.74,98.67,2.85,4.17,309.41,3.3,109.25933354969588,91.19099273371643
19,5.25,9.36,7.95,88.32,2.66,10.53,252.66,14.87,100.76636631998706,92.61888678245555
21,1.37,8.22,7.83,94.41,3.5,3.29,323.88,3.4,100.0,106.87333736137995
19,7.02,2.05,4.68,67.06,2.01,9.96,235.89,15.42,20.46,18.694856093228733
16,4.01,5.1,7.3,81.77,4.47,5.9,264.08,9.23,72.73,67.82070950665626
18,5.61,9.66,7.3,86.61,2.06,7.68,266.56,10.37,103.53766042634524,89.39601913024242
22,1.49,3.67,4.58,64.45,4.55,2.78,283.36,1.37,56.08,56.74771584468449
20,4.84,9.94,7.44,98.96,1.39,9.86,263.78,16.42,100.0,99.77469718137934
19,1.35,7.95,5.44,88.77,4.44,6.64,286.58,7.92,85.12,95.02007450386108
23,1.4,5.93,5.9,85.59,4.58,7.37,317.36,4.63,84.04730212445564,82.37521427064891
17,3.66,1.81,7.47,87.96,2.8,4.72,263.94,6.26,50.52,51.348315521743814
22,7.32,5.41,8.27,97.79,0.3,10.29,236.49,18.13,53.59,60.79480649982855
23,4.1,8.03,4.85,70.29,4.56,6.76,275.57,8.83,70.99,73.09930414397738
18,7.69,4.63,8.04,72.75,2.84,10.98,225.12,18.84,43.46,45.778521694863166
23,1.07,5.42,4.92,62.91,0.41,5.7,309.94,3.6,61.04,71.08895707467366
24,7.02,6.75,4.81,73.03,3.64,10.95,245.82,18.34,45.73062043398536,50.457469452409185
21,7.72,5.3,6.68,97.72,3.49,12.09,229.27,15.26,43.37,51.51411811773342
16,6.74,1.37,5.22,99.67,0.53,11.1,245.54,15.87,23.62,27.38491852718926
21,1.0,7.86,7.67,82.36,2.63,2.15,306.27,5.62,98.65,102.89640450554205
19,4.26,3.78,5.83,99.41,3.44,8.5,261.75,10.66,80.5512030847191,57.72324512438548
24,3.23,7.76,8.15,85.63,3.99,5.8,280.96,4.96,92.74,92.71996270730926
23,1.87,5.97,5.24,66.85,1.44,3.78,304.85,0.98,89.36176029714849,72.38236167606618
20,6.32,8.18,8.76,70.12,2.05,10.63,228.82,9.74,88.03504187821814,77.01492252255821
24,1.06,7.85,5.32,84.22,2.72,4.17,297.24,2.15,97.5,93.92583096856814
21,0.57,8.99,7.71,66.79,2.66,5.19,320.54,5.46,100.0,107.86691661798895
19,4.63,6.89,8.69,80.01,2.99,8.8,267.55,10.89,86.78,80.51911135032773
20,5.46,9.01,4.69,89.51,3.65,7.49,237.78,11.61,101.67817668635332,77.23719047134978
22,3.32,9.75,5.41,68.76,0.67,5.3,272.42,10.7,94.32,90.32144162335248
23,5.2,7.49,8.16,80.61,2.02,10.68,262.21,11.12,94.1722737960531,79.38389256059617
16,7.26,4.36,6.3,88.76,2.49,13.26,213.85,16.18,36.47,44.328901815118215
21,6.91,8.65,8.72,79.03,4.44,10.14,221.72,14.78,80.20762224439702,79.36621044590166
19,2.94,8.08,6.95,83.71,4.73,3.97,277.46,8.69,87.19,91.57404419247399
23,1.49,4.89,4.8,88.25,0.91,4.29,309.19,4.95,71.97,72.36949235037562
22,1.69,9.34,6.6,94.8,0.92,6.31,301.82,3.93,100.0,107.90612976014705
17,5.64,9.73,6.9,86.21,2.01,7.22,257.36,11.93,96.4207410318617,88.23396604732642
18,4.37,1.91,8.0,85.98,4.15,8.74,268.25,9.96,59.50395576763938,49.52157224861386
23,0.92,9.07,5.73,84.25,4.04,4.0,291.88,3.63,95.97,103.97889541531268
18,1.28,8.4,7.15,72.49,4.02,7.06,284.39,5.41,107.35658642326676,99.88376075670217
22,1.48,4.33,7.12,97.39,4.87,4.05,284.35,3.94,81.73,80.05008839254722
24,7.43,3.21,8.18,69.51,2.72,11.64,237.69,17.84,38.04,37.625242502300054
21,0.48,5.11,4.5,90.06,1.07,6.26,319.36,5.02,78.56891139604457,78.5455490381093
16,2.42,2.15,8.63,80.98,2.33,5.33,293.95,7.82,68.62,62.5670858087796
22,2.06,9.58,8.87,62.96,4.9,5.65,298.68,4.56,100.0,106.61946828988991
20,0.83,4.79,6.85,64.93,2.09,3.29,307.06,2.33,80.82,76.18761121324107
22,2.14,6.34,6.42,68.03,3.74,5.13,285.89,6.42,83.87,78.28019349670492
23,2.8,6.06,6.89,79.1,2.66,5.18,282.39,5.26,79.0,77.86804260225875
18,1.62,2.43,5.91,96.16,1.73,6.66,319.94,8.11,61.39,62.66320286466449
21,1.49,8.4,4.48,88.52,3.98,3.15,299.02,3.19,100.0,93.16161795791001
21,7.0,1.82,4.44,67.44,4.85,8.92,256.74,16.96,14.65,16.356906780080976
16,1.68,5.06,7.25,70.35,3.92,6.84,288.04,5.78,78.27,76.4517048593172
21,5.23,9.1,8.8,71.68,2.51,10.33,257.66,7.4,93.23497729297634,89.00692341292805
23,2.66,1.16,7.65,73.25,2.0,5.93,300.7,5.88,54.54,48.881066830935175
18,3.32,2.58,8.99,72.94,0.07,7.81,281.78,5.93,63.03,59.43094007498662
21,2.63,6.74,8.44,63.46,1.54,3.81,293.13,6.84,84.73,84.61493338598868
22,4.18,4.58,5.34,83.98,4.41,5.23,265.66,10.97,52.87,56.93691503248317
17,4.36,3.04,7.58,66.05,1.11,9.08,265.89,14.66,42.76,49.935860448878366
24,2.48,4.03,8.59,86.18,4.16,5.36,283.1,4.01,71.71,75.02744739627715
21,3.74,3.85,4.01,74.52,2.22,7.9,284.54,9.6,41.32,46.90891035697339
23,1.62,9.25,4.93,79.19,3.8,6.68,309.39,6.64,95.88,96.87545906008316
24,5.79,2.9,5.03,99.92,2.4,7.76,247.6,7.69,43.95173107201608,40.90785127336559
21,1.34,4.07,7.8,60.2,2.45,5.44,289.51,3.04,69.21,71.12567960742027
18,6.01,9.5,7.03,64.88,4.78,11.24,251.13,13.96,77.65858445055682,78.98075808705664
22,3.23,2.47,7.08,75.98,3.18,4.64,279.53,6.27,61.06933186341058,52.785350689016916
20,7.24,7.79,4.59,63.01,1.46,10.67,237.72,21.21,62.1333438051394,52.552495936420826
21,1.87,5.24,4.96,93.71,4.34,4.1,295.72,5.46,59.58,74.56968883758105
21,2.81,5.37,8.11,88.72,3.25,7.1,289.92,8.89,80.32663790149942,80.92078761461289
18,6.04,2.66,6.95,81.12,4.84,11.34,256.4,13.94,35.58,40.00716006116801
17,7.05,4.44,5.29,62.36,1.86,12.34,256.02,18.09,32.9,34.56859497027933
22,3.45,6.14,6.8,68.6,4.57,7.02,283.0,8.85,79.47566584894383,71.53427455388379
22,2.97,4.92,8.27,83.13,0.3,5.2,290.2,5.89,74.63,76.2723640792239
23,4.51,8.12,5.41,97.13,2.76,6.64,259.81,12.69,86.65,81.69148270865477
20,2.35,2.84,6.62,84.88,1.95,4.76,300.13,3.95,61.51,60.574548995408534
21,6.48,2.69,5.74,71.53,0.93,9.77,246.34,16.82,25.98,31.02711440942873
24,5.47,3.2,8.36,64.28,0.01,8.81,260.93,13.43,51.59915449938544,47.27989259806674
17,7.86,6.61,6.61,65.94,4.4,9.94,222.6,18.92,48.85,49.962198678967695
24,3.08,2.89,4.68,65.6,1.62,5.81,306.46,5.7,38.14,44.11730386538869
19,2.85,6.26,7.69,62.36,2.64,8.22,264.22,9.07,81.92,77.36361583672246
22,1.55,7.71,5.03,71.72,1.61,5.44,305.91,4.29,92.94,85.85416778710461
24,3.02,2.73,5.14,95.33,0.54,4.9,292.35,7.11,57.03,53.95310569559897
20,6.55,9.89,4.11,63.37,2.15,11.59,221.64,18.82,59.67023462540532,67.70500669014342
20,0.22,3.39,7.41,86.49,1.24,1.78,326.27,-3.7,72.11,78.58228055764062
24,4.37,3.13,4.47,65.98,4.94,9.49,270.83,13.74,35.09,38.28743476036625
23,2.62,2.23,8.49,85.03,0.1,7.06,292.99,5.28,62.47,62.47961333128324
23,3.0,4.37,7.46,87.4,0.14,7.44,293.0,8.43,71.9,70.89546497190327
21,7.27,9.37,8.18,65.9,4.16,8.62,236.15,17.05,86.99620059843873,76.2867328740387
20,5.48,5.24,8.53,60.8,1.98,6.85,266.68,9.85,53.51,59.44062957966083
21,1.58,4.03,7.25,80.35,3.51,3.43,307.08,2.04,78.79,73.10205997888593
16,2.61,3.95,7.63,62.36,0.58,8.02,291.81,9.22,66.36,63.92489694225945
18,0.98,9.72,4.28,98.99,4.17,6.05,299.69,8.58,100.0,106.77994976334165
23,6.38,6.29,8.45,96.87,2.35,10.62,256.36,14.37,75.3,71.3616719223204
19,2.88,9.39,4.85,92.97,1.18,6.71,274.45,2.33,100.0,94.68837089657936
17,5.65,2.41,4.75,68.19,2.92,9.2,247.31,14.65,14.48,28.88235324625397
19,5.21,1.47,5.53,73.11,2.85,6.8,259.54,8.89,39.37,29.31654125008979
20,7.68,6.09,8.44,68.43,0.01,11.63,247.46,18.61,56.99,55.32233850399836
23,5.87,9.05,8.13,71.42,3.46,9.35,253.35,12.42,81.58429059016586,82.89831165007917
23,6.15,9.46,6.34,91.49,4.25,7.83,241.9,9.46,88.09014905630427,82.84367258188328
17,7.78,8.93,4.85,76.34,3.58,9.82,221.84,16.09,56.45831823009436,61.27069857631515
16,3.26,7.21,4.08,99.08,2.08,4.52,278.94,6.48,80.77,78.01102301680132
17,4.35,2.33,8.87,68.82,2.79,5.98,265.41,6.7,53.75,50.63293122482756
19,5.49,1.55,4.39,86.85,4.7,11.36,234.35,14.03,26.74,28.14015139890741
18,3.34,6.45,4.93,67.89,3.06,8.01,261.58,8.33,56.48,67.05549755625576
23,1.21,5.56,5.58,76.49,2.09,3.51,321.76,3.96,78.73,77.49274795686227
22,0.16,9.55,5.74,75.56,0.3,5.27,292.2,2.1,100.0,108.82319381182239
16,1.49,4.22,4.14,68.33,0.23,6.04,300.81,6.84,61.7,60.1959582742421
17,7.68,6.53,5.79,85.83,2.16,8.9,214.1,15.25,45.87,53.05303717366664
24,6.94,8.2,5.9,91.21,4.62,8.73,221.97,16.32,86.22150347669266,69.3441595249194
23,3.12,1.36,5.19,90.42,1.45,6.35,304.57,5.94,49.03,43.31465638915074
18,1.48,2.53,7.39,64.83,0.61,7.1,307.36,8.59,64.62,60.807549300735865
20,4.5,9.79,8.77,88.33,2.96,7.57,261.66,13.25,97.84,102.4068961321783
24,6.65,3.33,8.42,96.75,2.14,10.48,234.64,18.94,53.4,51.49856698573919
19,0.39,8.71,4.13,81.53,0.71,5.54,315.88,6.98,94.02,98.11228656377551
22,3.85,1.73,5.36,92.67,1.39,6.87,275.11,5.43,39.18,43.0839695743709
20,1.35,6.58,7.06,63.41,0.72,4.96,313.74,4.76,87.04,85.15902049698775
19,3.99,7.83,5.15,97.91,0.43,8.71,285.16,10.37,79.67,81.79862952453965
23,7.1,7.94,6.12,92.12,2.21,8.83,229.35,17.07,69.59218912736844,68.1060205468197
16,6.78,4.59,7.73,62.53,1.19,12.59,230.59,15.26,37.33,46.21610698941662
21,7.64,9.46,4.7,95.54,0.92,9.08,219.03,17.45,79.16808324027427,70.57507920601793
20,1.17,6.03,6.43,72.53,3.5,5.64,305.83,6.36,88.35,82.84551072886822
22,4.4,7.78,5.83,68.49,0.16,6.05,270.0,12.04,75.65,73.63426915610546
22,5.96,6.63,7.2,67.79,0.43,9.31,251.96,10.49,56.94,62.72117396649395
20,1.54,2.98,6.31,75.15,2.24,2.64,303.87,1.76,66.16,61.798908318978505
17,4.51,5.18,6.03,86.14,1.72,8.49,258.66,14.38,64.71,62.53638465739192
21,5.71,7.86,6.97,77.54,1.71,10.38,247.86,15.74,75.35149360478843,74.012279973398
21,1.98,2.88,6.23,65.27,1.61,5.71,291.06,3.3,56.6426724843427,55.74567068092481
18,1.08,5.59,4.02,78.2,4.49,5.69,304.33,5.13,73.6,73.00548672791453
19,5.17,4.01,6.97,92.68,0.98,6.93,250.99,12.2,59.06577726647791,56.954668763720065
21,5.21,8.92,5.98,79.17,2.17,7.31,274.85,10.09,89.17174435478269,79.7184833223165
21,0.04,2.17,8.37,95.59,2.98,3.11,314.41,5.77,80.43,78.58197910611415
16,0.5,2.37,6.67,74.45,1.11,3.84,312.18,1.92,58.64,64.82077721842285
21,3.91,7.08,4.96,73.89,3.48,9.12,272.39,13.12,60.39,69.90500389077224
17,5.79,9.17,4.21,78.66,0.53,7.48,246.99,13.74,77.9727782161764,71.87399709926642
21,7.24,9.32,7.99,64.13,2.22,9.95,233.94,13.99,89.71594547107017,74.82344783044925
16,6.06,4.73,7.4,98.86,3.37,9.11,243.69,13.12,54.43,59.93598839707438
19,4.19,4.21,5.4,77.72,4.38,6.01,266.63,10.22,53.32,52.94129548555225
19,2.41,8.81,4.09,96.77,1.17,3.68,277.64,1.99,97.53,91.87692369611824
18,3.92,6.21,7.13,87.06,4.32,9.06,295.66,14.2,76.23,76.22053639512563
16,2.34,8.38,8.31,94.42,4.6,4.25,294.87,7.29,100.0,104.76652647899553
18,1.86,9.2,8.21,89.18,2.23,4.35,294.44,3.51,100.0,110.57176428658792
17,4.98,6.02,7.57,81.33,3.99,10.22,271.61,17.15,69.31,69.58187627586766
18,6.5,3.5,4.72,84.83,2.47,11.08,246.89,15.65,33.69,35.8096332072942
23,1.28,1.1,4.94,66.69,4.95,6.46,307.25,4.64,57.93,43.60831269164689
21,4.91,4.96,4.2,100.0,0.67,10.81,256.08,10.87,51.5,55.80552551567002
17,7.3,6.24,8.2,70.64,1.77,11.73,226.15,19.27,55.48,58.134211078229
16,7.88,2.4,5.1,98.18,2.02,10.28,209.39,14.6,13.44,26.831294436536727
22,2.78,5.79,6.44,68.38,0.79,6.62,293.92,7.62,88.55204292002914,71.69590824266275
19,5.66,4.37,6.04,69.81,2.31,10.36,232.86,10.2,57.16,46.27812125495795
17,3.01,5.75,5.72,63.22,2.43,6.04,283.37,3.53,64.58,65.76389661398154
21,2.44,8.66,8.07,60.33,4.19,4.44,281.5,5.04,97.82,95.2105930319913
24,1.94,4.65,5.44,65.2,2.4,6.2,304.23,8.2,61.8,64.26844419114819
24,7.66,1.74,7.24,64.2,2.29,13.09,221.83,18.63,18.6,22.16963276301157
17,5.99,6.46,5.08,95.63,1.44,7.2,259.23,12.92,56.8,61.659800129681976
22,4.29,9.11,7.52,76.89,1.42,8.9,263.5,11.98,87.45,91.23573321048806
23,7.28,7.56,7.73,67.38,1.65,12.46,234.78,13.05,70.61522943822307,63.33628517491393
19,0.24,5.08,4.56,64.5,0.14,3.5,314.96,-0.17,62.07,72.43153881460836
18,2.43,2.29,7.44,60.0,3.46,5.47,294.18,9.19,58.58374600269016,52.888939474791876
22,4.45,3.55,7.73,60.91,2.25,7.94,266.45,7.44,55.42,51.18706550776474
24,0.61,4.8,6.31,83.3,2.8,5.15,322.5,3.79,77.7,80.53682178665076
19,7.25,8.01,5.01,68.52,1.06,12.84,224.43,14.32,73.18626751561206,56.64758301999107
18,3.02,1.44,4.44,99.6,3.85,8.76,295.76,11.17,48.44,44.370924632859676
23,2.04,8.22,8.37,64.23,2.02,6.3,289.87,5.92,100.0,96.94021124668106
22,5.74,7.1,7.74,60.97,4.63,8.74,243.33,11.75,75.85134276593266,66.81137669675944
16,5.68,6.18,7.13,74.6,4.56,6.96,270.47,14.13,65.51,63.083970992146206
17,2.09,2.92,7.47,88.21,1.3,4.72,284.94,4.28,67.67,66.82954729369817
16,7.35,9.24,4.88,81.69,2.3,10.85,239.9,18.23,71.77949868310131,67.3192099214811
18,2.92,1.46,6.3,91.84,3.0,8.32,281.32,6.87,49.42,49.68919939087726
21,1.53,3.63,5.01,81.3,3.0,5.02,281.5,3.96,66.17,62.94779601428168
19,7.81,6.27,4.97,70.26,0.25,13.76,209.82,17.5,32.64,43.28631712829758
18,0.48,7.07,5.08,60.16,3.49,3.82,303.64,2.81,86.06,84.4037717128679
21,2.17,2.81,4.65,64.53,0.77,6.01,286.95,7.27,48.26,48.44094729990546
17,6.18,3.04,4.58,89.7,2.2,8.06,241.09,13.1,22.03,35.513381787122526
24,0.5,6.0,8.63,94.2,4.18,5.75,326.56,1.2,99.68,100.2472056197337
16,1.78,4.88,5.96,69.69,4.52,3.33,299.41,3.35,72.17,69.58315930095549
17,2.23,6.59,7.74,82.95,4.24,4.71,281.53,6.28,87.43,88.65647557613863
20,1.93,2.07,4.8,64.09,2.44,6.6,294.27,4.03,40.26,45.150636451067484
24,6.38,2.2,4.05,98.57,3.02,9.55,248.62,13.14,32.9,29.453803444424604
20,0.05,1.54,4.39,97.27,0.16,5.72,316.07,2.58,68.2956929762645,59.98394986987672
17,3.48,3.76,6.66,67.94,0.48,8.61,276.63,8.63,52.38,55.96338866416324
17,5.0,5.99,4.49,93.4,3.11,8.32,255.93,13.9,52.43,61.15756427337403
19,3.86,1.65,6.67,94.1,3.38,5.23,279.41,9.22,41.44,48.02723498072989
19,1.31,7.22,5.87,63.72,0.22,6.74,300.62,5.36,100.0,85.12599772887518
23,1.35,9.98,7.2,91.86,2.26,5.63,324.86,4.82,100.0,115.05451713396675
16,4.83,5.21,6.38,62.99,3.68,7.87,264.29,10.87,59.59,55.30686059245081
23,4.76,4.08,7.28,62.06,2.02,6.52,272.21,11.27,55.53,51.74007094088832
24,2.81,9.43,4.99,76.45,1.99,6.07,288.07,6.49,86.2,91.21181045807529
18,4.18,2.39,6.89,71.52,4.42,10.12,281.13,10.72,50.06,45.181981787375584
18,7.33,7.31,4.48,66.13,2.87,11.74,250.4,15.39,44.41031785517972,48.968467722465064
20,3.4,9.17,4.15,61.85,1.14,7.56,268.92,7.13,71.27,79.22237046690347
22,6.37,3.06,5.04,95.94,1.42,10.37,247.25,15.43,31.82,38.16241298078552
19,6.26,6.59,4.77,79.92,2.0,11.44,226.99,11.87,47.86,55.25585070256159
24,2.73,2.91,8.52,72.24,2.82,4.42,298.21,5.07,76.18735124858897,62.45595458687203
22,3.96,2.92,8.67,85.42,4.1,9.05,278.95,9.37,57.84,60.33231881497803
19,0.14,9.11,5.19,72.06,4.95,6.13,315.29,3.64,97.44,102.74478802403749
24,7.46,9.74,8.46,91.07,4.7,13.17,240.83,15.83,100.19453843732995,85.53275394889312
23,5.1,6.74,7.27,98.63,2.56,8.29,268.77,13.05,70.14,77.14031951779427
23,5.78,3.75,5.4,70.86,1.97,8.35,247.69,13.76,46.57,39.79644466452456
19,7.52,5.24,6.59,99.61,4.49,12.19,234.4,17.19,40.48,52.473649561472676
19,1.93,5.05,7.3,62.76,4.04,4.35,295.69,7.24,77.38,73.12697783861779
19,7.55,5.48,7.68,93.3,1.63,12.91,221.94,18.2,43.08,56.42294088093736
22,7.94,4.0,4.05,95.49,4.19,13.23,221.75,21.11,23.73,31.909059961899324
18,6.65,3.02,5.58,70.95,2.13,12.35,229.28,13.43,25.22,31.161612518250944
23,0.65,4.04,4.75,76.53,3.75,6.11,303.55,3.62,57.31,67.7285183069206
22,6.26,5.12,4.86,64.94,2.58,12.25,262.58,14.24,39.3,41.89211953873543
17,7.95,1.5,8.19,73.88,4.46,13.02,226.25,18.81,10.67,25.344094215045413
23,5.68,3.16,8.53,80.25,3.42,7.7,253.16,13.32,55.97,50.94357476161824
24,7.08,4.99,8.95,61.12,0.61,9.9,250.93,11.18,49.7,50.949340020742035
19,2.7,5.9,4.45,76.61,2.07,4.65,275.77,6.39,61.23,67.72648819737125
20,2.41,4.62,4.59,98.13,2.37,3.88,290.3,4.75,69.5,67.73558387687345
19,4.59,4.2,4.41,84.88,3.96,7.0,258.08,10.45,51.54,49.0886497822618
21,3.0,3.32,6.37,87.65,4.24,4.5,282.94,3.6,56.51,59.82380234302403
21,2.9,3.37,6.07,88.74,2.88,6.52,281.1,6.54,64.76,60.09685639963121
22,3.09,1.09,8.67,74.58,2.61,8.3,288.42,9.82,59.00109858285251,50.52899935229209
18,2.08,5.79,4.84,65.88,0.16,6.81,319.32,9.37,68.53,68.83207891601211
16,6.14,1.23,6.94,83.0,3.46,7.42,225.82,14.23,36.41,31.373063187646927
16,5.14,4.2,7.66,73.72,4.49,9.47,258.84,9.67,56.49,54.986024060112385
23,2.8,4.24,6.12,93.58,0.32,5.42,297.57,8.11,68.98,67.90137141568229
16,4.35,1.27,6.7,67.4,3.37,7.4,274.34,12.77,39.88,35.64855657859225
17,7.02,2.94,5.2,79.83,4.83,11.27,227.58,16.77,19.89,29.838058341606597
22,3.08,3.37,7.59,94.89,3.39,8.58,271.05,11.37,69.61,66.84643615341318
20,2.77,9.07,4.69,64.97,3.67,5.69,295.25,8.67,82.51,84.78409654708588
18,5.07,8.68,6.45,64.86,4.35,8.49,266.31,11.21,90.24421268638164,76.59896543677772
21,7.24,2.95,6.09,82.47,3.91,13.19,230.55,14.3,23.47,32.5908073373371
21,7.12,7.88,6.38,87.99,1.04,10.65,235.87,13.98,67.18615942288585,67.22885974503873
22,3.91,7.9,6.66,86.16,3.23,6.18,266.35,8.38,97.27794382951768,84.81108989848019
23,5.77,1.28,4.98,66.75,0.84,10.14,247.08,16.01,21.67,21.6905007401505
24,3.99,2.8,7.18,81.81,4.97,7.03,283.24,8.98,55.57,52.70581892836308
16,6.12,3.44,6.56,72.01,1.5,10.86,214.66,13.3,42.81,40.868220485329644
22,5.04,3.64,7.64,81.71,3.87,10.07,257.27,13.31,47.52,54.40912175617516
18,3.43,1.2,6.45,79.57,3.66,6.72,285.34,10.21,40.84,42.51723119610305
16,2.83,9.88,4.97,71.39,1.2,6.59,293.84,7.25,92.03,92.56427933162198
16,1.19,7.5,6.42,80.78,4.66,5.69,281.47,8.44,99.21,94.55988900870938
22,1.98,4.55,8.26,68.44,0.65,5.69,293.35,7.29,97.41910563523614,75.11496305871034
20,3.67,1.94,5.12,85.6,4.82,5.37,270.42,11.3,39.88,42.6908747020818
16,1.38,8.08,5.61,85.78,0.53,3.92,298.52,6.73,100.0,95.70999507730554
17,4.09,5.76,8.85,86.87,1.93,7.03,274.82,7.72,78.44,78.81197813386885
21,3.95,2.5,7.0,87.2,4.14,5.43,273.73,8.96,59.12,52.09219659221526
24,2.94,5.71,7.01,91.74,0.85,6.96,290.01,8.91,89.8,79.22263875281942
16,6.65,3.94,8.57,80.51,4.34,11.48,239.59,14.43,62.45085511210443,50.849933883791266
16,6.8,5.49,8.85,74.09,3.07,12.78,244.02,14.18,56.05,59.02739490117089
22,3.51,4.09,6.71,72.31,3.1,6.57,279.11,9.58,82.54653785223002,59.1910404424391
20,7.38,4.41,5.86,98.64,0.06,10.68,250.81,15.08,33.16,45.09968188581845
24,7.22,8.76,8.86,78.26,1.01,12.9,223.77,20.96,85.6362444209363,79.17900975702761
23,3.64,9.88,5.19,84.6,1.0,7.68,276.4,8.84,100.0,92.86142060295569
16,2.37,1.39,6.01,69.01,2.95,7.46,289.61,5.83,52.5,44.55236230484349
16,5.57,9.57,8.57,81.27,3.81,11.48,249.45,16.41,94.9118970360268,92.55342539848422
24,5.25,5.78,8.48,93.79,0.44,6.6,252.9,10.12,63.63310311255715,73.52188264069798
21,1.8,4.48,6.38,96.62,3.78,7.56,282.17,8.96,88.34,76.56070019919241
19,0.17,5.07,5.36,90.48,2.57,4.32,300.04,2.16,84.56,83.23671824467749
16,3.51,2.99,5.59,81.75,2.34,6.04,272.95,10.44,55.42,50.976034163432864
17,2.22,3.55,6.21,76.45,4.94,5.9,282.35,1.2,60.47,61.51372372068665
18,4.73,1.22,7.58,71.97,2.57,7.74,270.5,7.23,35.44,37.57246831635909
17,3.23,6.09,6.19,89.05,0.07,8.11,284.34,7.0,79.24,76.1941838132114
16,4.03,7.41,4.81,99.49,0.66,7.37,264.41,5.72,78.47,77.983172879617
19,0.83,4.6,5.21,79.37,1.83,4.23,304.05,6.06,74.46,73.21453905310537
18,7.22,6.26,5.76,71.55,3.01,12.8,234.36,18.01,42.13,49.524825255037484
22,4.24,5.42,4.84,88.31,0.71,8.72,276.2,9.13,59.88,61.24113649073974
19,3.92,7.78,4.89,86.43,2.42,8.3,262.7,9.86,87.84510869305112,77.56074427629184
20,2.94,8.13,8.22,65.81,4.76,7.43,287.5,7.83,100.0,91.30581159523595
18,7.99,4.39,4.63,92.21,0.82,9.84,220.47,14.4,31.48,35.30239123137835
20,6.82,2.81,7.31,85.14,3.71,10.86,238.45,13.58,42.76,39.356768073568944
23,7.59,9.09,7.91,73.22,1.4,11.98,215.72,14.73,68.02418045989454,73.88804574048541
19,7.08,3.86,5.89,95.37,3.44,12.88,225.21,18.4,36.91,42.49942321471421
24,5.29,4.61,6.38,90.82,4.15,10.71,272.75,14.64,48.58,56.97428874665368
16,3.06,6.68,4.22,61.39,0.29,4.45,268.88,8.54,62.08,65.79813974682521
23,0.83,8.36,5.28,89.59,4.35,3.48,296.38,1.95,95.86,99.69323517517824
22,0.9,1.39,4.16,98.06,0.43,3.33,323.25,4.53,60.88418877051268,53.89026995675457
22,2.95,4.69,6.0,88.48,1.05,5.58,289.56,6.66,70.82,67.91618305160118
22,4.85,6.4,6.07,92.48,0.63,6.66,277.76,7.85,61.22,69.89904163270552
19,0.44,6.68,7.51,84.68,3.25,5.24,310.18,3.81,100.0,98.31557212774172
19,0.19,1.36,4.68,99.85,4.52,4.02,321.9,1.91,57.52,59.60367661982358
17,6.32,9.63,4.08,80.86,3.37,8.12,231.62,13.38,77.85108379376705,71.87324596171752
16,6.77,7.62,7.65,80.36,2.26,11.45,225.04,13.97,75.17366580523407,70.09103751143255
20,2.5,6.78,5.68,70.86,2.74,5.67,281.68,5.84,73.43,77.18445752282167
19,0.68,8.94,7.9,84.01,2.74,3.42,292.46,4.89,100.0,112.78966944853073
18,1.27,5.8,4.96,91.52,0.47,5.11,303.81,5.21,93.2216897380731,80.95220252927646
23,4.76,4.99,7.5,73.57,1.05,9.23,265.48,11.21,66.89768982968918,61.61847742364089
22,0.42,4.02,4.37,90.82,0.66,5.43,313.23,3.63,63.47,71.71592053325487
24,0.55,6.12,5.59,99.37,1.62,2.6,317.0,0.81,87.41,91.08383298157008
19,4.62,8.66,5.61,99.86,0.56,9.59,253.77,10.75,89.33,86.0483437546757
17,3.55,1.31,5.17,83.96,2.04,6.03,286.3,8.64,50.85,39.04230078023188
19,1.27,2.22,6.15,91.46,1.34,4.96,298.51,2.83,74.35,62.647858474238184
22,5.72,7.79,4.94,75.57,0.99,7.63,244.71,10.46,76.38071453885672,65.12234341205806
21,5.67,8.48,6.51,90.8,1.09,6.92,268.19,11.91,85.99716617933741,80.00495237886813
17,1.02,7.99,8.3,62.62,4.03,2.25,301.33,2.53,107.93367385110872,100.0959760642451
24,7.23,6.16,6.9,85.96,0.1,11.45,226.24,18.07,44.18,57.478079897992046
20,2.58,1.53,7.86,84.23,2.66,3.77,285.41,4.64,55.62,55.64497658013691
16,1.59,4.32,6.59,66.75,4.42,5.86,292.35,9.36,67.6,68.96337551034138
18,5.12,4.81,8.01,92.4,0.69,9.22,248.74,11.87,63.35,66.05319216450253
24,7.15,6.99,6.88,91.56,0.78,12.48,236.13,20.93,58.0,64.72557350033387
22,3.37,1.85,5.33,75.77,3.94,6.65,276.0,8.35,52.58,41.50945972193725
21,1.93,5.3,7.66,60.91,4.48,7.09,294.06,4.44,87.76,75.21796067380961
16,4.37,7.83,4.56,73.16,0.54,10.06,276.76,12.54,65.42,70.5889610837327
16,2.11,7.42,8.6,65.85,0.16,3.36,298.91,5.27,96.3826359238185,93.056280445032
19,1.2,7.34,6.93,64.08,1.38,2.47,307.44,6.86,107.89871754035944,90.68169642134293
24,0.88,1.26,6.13,67.82,3.15,6.08,315.85,2.86,49.99,51.558729564832426
17,7.26,1.87,5.1,96.32,1.92,11.96,230.39,18.68,16.09,26.42163510999176
19,7.1,7.54,8.56,73.74,1.12,9.63,235.22,15.15,77.56969391708812,69.43670152009773
24,2.87,8.2,8.44,72.09,2.6,4.07,283.83,4.24,96.12,94.75396916133352
21,0.85,7.5,5.33,79.5,3.55,4.53,298.17,5.64,83.92,91.73114258521045
21,2.54,3.87,8.99,74.54,3.78,6.96,275.05,7.43,66.96,72.13443985651458
17,5.74,1.31,4.28,90.97,4.24,8.01,250.42,10.77,22.73,25.8974131317262
23,0.37,4.71,8.07,84.39,3.1,4.15,311.19,2.16,85.76,88.18585196328064
23,7.04,4.83,7.72,60.75,3.09,11.66,225.05,14.08,33.91,45.53625581664701
20,7.39,4.62,4.77,80.34,2.0,12.36,227.68,16.5,28.49,37.05542963025948
20,2.26,1.26,6.12,91.84,2.07,5.61,288.73,5.17,49.55,51.3214155690384
18,6.86,6.27,7.36,85.89,3.02,8.73,228.57,10.69,50.57,61.36352264596467
23,2.99,6.13,7.01,71.97,3.45,4.75,295.55,7.96,75.1,75.7428863943617
21,4.24,3.67,7.63,98.13,1.56,9.44,272.71,11.91,66.81,63.63949452632105
22,7.77,1.0,4.43,74.96,4.15,9.95,240.18,18.86,4.61,9.328044665995602
24,0.38,4.78,6.58,67.08,0.45,3.58,319.75,1.25,74.67,78.09588025234078
22,6.11,7.26,6.08,88.64,0.56,9.03,243.75,13.86,78.35030347407397,67.8980092323886
16,1.99,9.9,4.07,78.33,1.55,3.46,300.8,5.47,100.0,95.78898663794624
21,6.17,3.83,4.34,64.83,2.41,9.33,238.31,16.3,32.49,32.63882907380726
20,7.57,8.22,8.33,69.21,0.4,10.93,226.57,13.14,75.6788682985935,68.91912679970068
24,7.06,1.92,8.4,88.28,1.08,8.61,234.42,13.57,37.25,37.66513537859436
18,0.31,3.31,4.33,78.93,2.95,2.66,322.69,4.9,62.32,64.28436340162908
22,1.84,7.0,5.49,68.9,3.04,3.97,292.3,6.86,86.15,80.9047171977902
16,5.44,3.21,7.57,79.7,3.14,9.06,259.58,13.36,44.86,48.824080755594984
24,3.74,3.02,4.78,91.58,4.64,5.81,278.17,10.57,45.25,49.41768502217178
21,5.29,1.91,6.0,83.3,2.57,10.48,270.72,12.97,32.64,36.42382072727078
20,4.29,2.79,7.8,82.54,1.56,5.49,274.77,12.54,53.02,54.154974463757476
22,4.45,4.48,5.2,77.66,2.96,9.81,270.39,10.25,51.45,52.38611117083666
24,6.49,7.48,4.89,68.03,2.11,9.66,252.81,12.95,62.38011353837222,56.578350047639134
16,1.68,4.6,6.22,67.77,3.75,4.06,309.82,5.07,71.92,68.87403666873823
16,4.14,8.84,8.32,69.77,0.24,9.12,255.46,8.16,91.9,91.26323336283005
19,2.04,4.54,4.6,99.74,1.46,5.92,294.02,5.38,75.91,69.77583929753929
20,5.53,8.64,5.71,69.35,4.44,8.35,255.1,10.12,81.97759524875624,72.31224199900092
17,7.81,7.83,6.57,86.1,3.83,9.08,226.23,14.29,63.58502101473407,63.303637360201996
23,0.23,7.96,8.66,76.38,0.95,4.58,304.14,2.08,106.65674997783668,109.53179359509369
23,5.51,3.09,5.05,78.32,1.3,7.35,257.57,12.68,46.54629036935015,37.881674050460894
21,7.09,3.35,5.73,79.2,1.11,11.5,230.87,18.05,22.94,34.12349081276146
20,6.7,7.91,7.92,61.11,4.6,12.56,238.88,19.1,73.84223101949144,67.80881474264231
22,5.66,7.57,5.91,76.51,4.1,6.92,266.1,16.16,77.28852241285136,68.03262082787137
18,6.97,8.57,5.23,95.72,2.22,10.16,235.7,14.32,62.48240949966856,70.27671633329456
16,0.84,5.44,8.98,82.94,0.18,3.78,321.27,2.03,98.93,93.4697476921092
16,6.76,5.55,7.52,85.92,2.16,8.82,260.33,14.47,51.79,58.12826633748718
17,4.08,8.77,6.53,76.08,4.4,6.72,264.66,8.87,82.73,85.9942923621137
19,6.55,8.44,6.06,84.41,4.29,8.65,229.56,13.06,91.31340972266264,71.46833132446423
17,4.52,9.91,7.58,65.4,4.52,6.52,267.69,7.18,97.70506856663135,91.54875091175944
17,0.61,6.7,6.79,75.16,4.21,5.44,298.83,4.6,96.55,92.14302405357341
24,7.35,6.79,8.13,87.56,4.77,12.17,209.26,18.87,58.82,65.6764767270775
20,7.72,4.56,6.92,93.68,1.56,11.77,221.28,13.21,41.71,46.661763656279575
22,6.34,1.69,5.15,68.07,1.87,12.31,235.87,14.05,17.32,21.998121916219375
17,2.73,7.83,7.98,96.32,4.58,5.65,282.71,7.01,98.84,98.47328808907528
22,0.9,9.15,5.57,62.78,1.58,4.6,302.73,5.34,99.281506630085,98.05328962586958
20,6.71,9.95,7.22,80.42,3.7,10.36,240.33,14.33,98.8662391738036,83.33565585011152
22,6.54,4.17,8.0,62.44,2.36,10.66,264.07,15.35,33.85,45.59752038548407
19,5.01,3.81,7.37,82.39,0.53,6.36,246.4,11.69,52.0,55.161922714538925
16,4.7,1.26,4.51,82.41,3.39,7.95,260.11,12.3,37.78900129136842,29.773824596234082
16,7.04,6.68,6.84,65.74,0.89,10.3,229.48,16.58,48.0,55.73316400172731
24,4.93,5.89,6.52,63.03,0.72,6.43,255.95,10.54,52.24,59.76941139991437
22,2.43,8.67,8.44,95.11,4.46,7.26,297.44,11.41,104.19771869098848,106.88676305160192
19,1.6,3.34,8.06,75.98,4.2,2.97,310.57,4.68,90.5729966696167,70.57587605427608
22,0.7,1.02,5.73,94.09,0.16,6.56,305.04,5.35,60.01,57.48189922779737
19,6.74,2.11,7.47,86.17,1.4,8.26,226.35,14.79,33.48,36.67155514528538
22,5.63,2.18,4.67,85.82,3.29,7.66,277.25,8.05,30.29,31.67255924996734
16,0.1,4.88,4.51,84.26,0.57,4.83,311.05,2.53,69.92,77.56342059302239
19,5.35,9.18,7.66,69.1,1.46,9.42,269.17,12.47,102.20503096870242,84.21763166334804
18,6.39,7.84,6.09,93.71,2.61,12.35,228.79,17.08,79.09771229809414,71.60790810296771
24,4.54,7.12,6.71,82.41,3.87,8.4,275.15,9.27,74.51,75.44951604263565
23,2.0,3.08,6.74,60.81,2.33,3.09,291.79,4.52,62.82,57.6197988917567
21,6.84,7.48,6.83,71.36,1.77,9.89,240.72,12.7,81.6171459744261,63.023477134092936
20,5.28,4.38,8.06,68.91,3.04,9.58,262.53,13.59,56.15,55.76581956386267
22,1.27,3.92,7.87,87.18,4.05,5.29,318.12,1.76,87.33,78.199910616279
17,6.89,6.58,8.89,97.43,2.97,8.71,224.92,16.74,64.63,72.63632337550578
17,5.68,4.53,6.72,89.96,0.13,9.24,234.96,11.53,51.59,55.79191947297837
22,3.78,6.16,8.81,61.74,3.87,9.22,271.63,10.28,74.8,75.59004610219606
21,3.59,7.6,6.44,85.72,2.09,6.77,264.84,9.77,75.96,83.87768579781357
18,6.29,3.97,4.58,91.05,1.3,9.02,243.69,10.9,36.75,41.03158992858623
23,2.38,9.85,8.44,93.91,0.94,6.71,284.9,8.12,100.0,114.36319168112459
20,1.21,5.75,4.57,85.44,2.79,3.7,294.14,4.14,81.56,77.59817977624775
20,6.71,7.95,8.2,73.05,0.21,10.21,236.77,13.94,83.50962321592839,72.54132753393029
17,0.88,4.89,5.13,92.58,3.78,6.33,304.91,4.22,69.86,77.95515053267471
18,5.94,7.31,8.02,67.32,1.6,9.17,246.15,13.42,88.56823475015948,70.25426302819191
24,4.89,3.79,6.29,93.92,4.08,9.72,268.24,13.6,53.31,54.52529739699788
19,6.66,5.62,7.54,73.82,2.49,11.09,237.18,15.61,54.26,55.791754418202764
23,0.95,3.59,7.86,66.66,1.1,2.99,302.8,1.6,65.89,72.28206522201734
23,1.17,7.67,5.23,88.17,4.13,5.95,292.38,1.45,106.96353783918264,92.82526003182429
17,0.43,9.22,5.05,74.7,3.23,1.76,300.88,2.46,100.0,102.37116684439974
24,2.95,5.67,5.8,86.08,0.56,7.13,298.24,6.54,73.52,72.56316751659233
24,2.97,9.41,5.38,64.85,0.96,5.09,267.33,6.28,88.89,88.55861099333322
18,3.14,8.15,8.54,64.2,0.75,4.78,267.11,11.46,91.54,91.81183066616072
23,5.47,8.12,4.38,96.76,1.29,8.46,265.09,11.58,70.81578600645847,72.43229014105205
18,6.93,1.63,7.47,68.23,3.0,10.35,240.24,17.07,24.46,27.376252377101792
21,3.17,7.17,6.13,90.93,4.01,6.51,285.54,10.13,86.74,83.56548729056536
24,4.06,2.45,5.38,75.07,3.01,7.23,286.47,8.79,39.61,41.51841197968577
17,5.75,7.68,8.68,63.44,4.55,8.64,263.95,11.84,69.58752044641787,74.61744268910095
21,2.62,5.0,5.26,74.8,0.42,6.19,271.58,8.3,62.04,65.20312278218145
16,6.52,3.51,4.71,99.03,0.24,10.45,240.31,14.89,30.3,39.979964662170346
21,0.34,3.79,7.74,81.94,3.25,5.54,307.33,3.14,72.89,80.65870390723379
17,1.95,5.94,7.17,74.08,4.79,7.88,314.44,6.3,91.05,81.08387725825071
20,5.25,5.42,6.63,94.21,3.23,8.47,263.02,12.61,68.63,64.31385615848671
20,3.36,5.46,6.72,62.53,1.86,5.2,275.27,3.1,66.96,65.64024545686006
17,2.86,1.11,4.71,90.09,0.68,3.88,298.27,6.95,42.33,41.55300127300688
19,1.29,7.6,5.27,66.89,1.33,5.43,293.7,4.83,92.6,86.24987196478739
21,6.62,5.39,5.14,90.6,3.31,11.33,238.96,15.33,40.8,50.22666765428767
18,5.87,9.03,5.4,74.13,2.92,9.23,243.13,12.58,79.78307992896916,73.447428289133
18,7.34,6.71,5.16,95.16,4.92,10.89,229.44,19.28,45.68,56.251495149292964
21,3.07,1.99,5.04,76.69,2.26,4.35,282.4,5.89,40.66,43.20682486027892
22,5.59,2.43,8.19,81.04,0.61,7.42,247.27,11.07,43.763551266360565,45.88285521906509
19,5.63,5.62,5.89,94.19,4.45,8.71,254.48,11.88,58.42,60.63660253517692
22,2.99,1.86,4.0,77.28,2.9,8.68,284.78,10.11,49.34,39.14624489888196
16,5.91,9.06,8.1,60.31,4.04,7.92,244.74,13.55,83.99889364351083,79.65183011852267
16,2.95,2.13,5.56,96.71,3.48,6.19,281.64,7.13,62.6459388433947,52.433763876283926
16,0.12,5.68,4.39,70.34,3.58,2.01,326.86,-0.3,80.32,77.67104582277452
21,0.36,9.54,8.92,90.18,3.81,4.62,321.9,5.82,100.0,123.68320689225922
24,2.36,3.28,6.82,78.8,1.71,6.87,292.87,7.02,75.78845954815377,62.44394023744215
19,2.84,3.58,4.29,60.7,4.6,4.98,260.39,8.53,44.8,47.21020526116323
17,6.81,2.88,7.34,82.45,0.38,10.72,241.6,12.39,39.67264923172958,39.372567432967244
18,3.63,3.67,6.52,62.62,4.56,4.66,283.45,8.79,55.63,52.32935269926647
21,5.25,9.34,7.2,65.7,4.28,9.94,260.47,10.32,94.4370259974146,82.74104746589683
21,6.12,6.73,5.99,76.09,0.94,11.45,244.14,18.11,68.06,60.74659806007128
20,2.55,8.55,8.18,81.87,1.27,6.01,299.85,6.68,92.18,100.67486393120174
22,4.84,2.78,8.64,85.45,4.99,7.63,251.85,9.34,63.823121348887724,54.68186586170878
23,7.85,4.43,8.22,80.97,2.41,12.95,209.5,18.26,40.68,46.636585999987616
19,4.59,8.83,6.52,99.68,0.56,7.15,259.24,8.08,83.98685647617982,90.52998562899657
17,5.48,5.02,4.7,82.38,4.61,7.64,264.39,13.18,51.35197149834196,49.88610480074316
21,6.65,1.98,8.72,85.26,2.07,8.14,244.65,12.44,47.16,40.46668991533754
21,1.98,8.11,4.33,77.95,0.01,7.68,292.54,8.23,94.08,85.56491577635856
20,3.34,4.79,6.08,83.78,4.44,5.45,301.46,5.96,62.08,65.06022476411229
21,3.56,4.75,6.48,72.78,2.17,5.54,295.7,9.99,64.78,62.39459371590804
22,4.52,9.15,5.08,82.65,3.89,6.41,257.0,8.57,80.66,82.43378683675766
18,0.77,5.28,6.3,63.17,0.09,2.04,312.92,2.86,84.69,77.2344656115865
24,4.03,4.41,7.26,72.99,2.65,9.86,275.56,11.94,59.42,60.716389164273394
19,5.6,2.4,4.36,97.84,4.58,9.66,257.01,14.6,32.39,35.91157009899376
21,1.6,6.48,8.96,80.36,1.44,6.28,291.48,7.1,100.0,95.33613322574965
24,6.74,6.94,7.48,90.32,0.99,8.65,245.37,15.54,63.67,68.25400850222348
22,3.61,2.54,4.38,85.08,1.17,4.93,261.32,7.15,50.22,43.89743317414641
18,1.05,6.59,6.51,85.92,0.12,4.76,306.14,5.67,95.84,91.40699227278012
23,0.03,8.02,7.49,73.39,3.01,3.27,313.84,3.81,100.0,105.69766067860013
20,0.25,3.5,6.49,84.38,3.82,3.65,304.98,-0.76,69.59,75.11336347360353
16,3.31,2.42,4.65,84.69,4.8,5.02,280.21,5.25,49.2950940743349,45.26868209124766
24,7.27,7.09,5.8,98.26,3.64,11.48,225.77,15.69,63.03093870337153,62.11504784436344
22,0.37,7.37,4.47,67.11,3.34,5.68,304.64,0.77,81.11,86.36190415435075
24,0.15,8.15,4.34,79.55,1.29,3.13,331.19,0.51,91.06,95.5912613831822
19,7.22,7.16,5.16,65.5,2.41,12.31,234.57,17.27,58.61184873780006,51.20643595106493
17,0.72,5.87,8.39,94.11,2.76,4.84,323.41,3.58,90.63,97.67908077410485
18,5.52,9.17,5.66,96.42,0.71,7.67,248.75,12.09,94.52542434084218,83.74040506510093
